instance,variant,threads,seed,generations,best_fitness,best_value,best_feasible_fitness,best_feasible_value,feasible,time_ms
data/instance_small,sequential,1,42,168,3035.7,3062.7,3035.7,3062.7,1,649.474
data/instance_small,sequential,1,123,123,2955.88,2979.88,2955.88,2979.88,1,398.853
data/instance_small,sequential,1,256,112,2954.9,3076.75,2833.72,2851.72,1,333.5
data/instance_small,sequential,1,512,200,2968.01,3035.01,2956.31,2980.31,1,594.991
data/instance_small,sequential,1,999,149,3041.4,3074.4,3041.4,3074.4,1,471.769
data/instance_small,sequential,1,1337,200,3063.86,3113.01,3053.95,3089.95,1,573.718
data/instance_small,sequential,1,2048,200,3001.94,3068.94,2982.12,3012.12,1,587.606
data/instance_small,sequential,1,3141,178,3088.94,3115.94,3088.94,3115.94,1,531.515
data/instance_small,sequential,1,4096,154,3024.37,3105.6,2989.99,3022.99,1,450.019
data/instance_small,sequential,1,5000,124,2995.42,3019.42,2995.42,3019.42,1,417.579
data/instance_small,sequential,1,6789,158,3012.26,3042.26,3012.26,3042.26,1,465.369
data/instance_small,sequential,1,7654,200,3038.39,3111.13,3019.46,3046.46,1,577.691
data/instance_small,sequential,1,8192,200,2980.1,3047.1,2968.77,2992.77,1,617.559
data/instance_small,sequential,1,9001,142,3023.33,3056.33,3023.33,3056.33,1,459.713
data/instance_small,sequential,1,9999,191,3046.33,3119.52,3045.89,3072.89,1,583.794
data/instance_small,parallel,1,42,121,2948.2,2975.2,2948.2,2975.2,1,366.22
data/instance_small,parallel,1,123,200,3008.42,3081.42,2987.94,3017.94,1,577.349
data/instance_small,parallel,1,256,173,3042.34,3075.34,3042.34,3075.34,1,554.298
data/instance_small,parallel,1,512,165,3015.53,3106.59,2976.55,3003.55,1,520.978
data/instance_small,parallel,1,999,200,3058.15,3085.15,3058.15,3085.15,1,574.447
data/instance_small,parallel,1,1337,151,2993.86,3024.41,2991.95,3018.95,1,439.839
data/instance_small,parallel,1,2048,146,3033.71,3066.71,3033.71,3066.71,1,430.942
data/instance_small,parallel,1,3141,200,2995.49,3108,2943.95,2973.95,1,589.643
data/instance_small,parallel,1,4096,148,3016.98,3126.98,3010.61,3034.61,1,457.711
data/instance_small,parallel,1,5000,176,3017.01,3044.01,3017.01,3044.01,1,514.932
data/instance_small,parallel,1,6789,162,3035.37,3111.37,3010.99,3043.99,1,486.429
data/instance_small,parallel,1,7654,200,3040.15,3116.15,3020.94,3050.94,1,615.155
data/instance_small,parallel,1,8192,162,3011.26,3041.26,3011.26,3041.26,1,470.113
data/instance_small,parallel,1,9001,161,3029.58,3182.58,3014.52,3041.52,1,490.913
data/instance_small,parallel,1,9999,142,2972.35,3036.86,2947.98,2968.98,1,420.101
data/instance_small,parallel,2,42,180,3030.46,3060.46,3030.46,3060.46,1,348.465
data/instance_small,parallel,2,123,199,2965.13,3118.13,2944.32,2971.32,1,320.124
data/instance_small,parallel,2,256,189,3080.76,3121.35,3077.81,3104.81,1,382.063
data/instance_small,parallel,2,512,200,3014.04,3044.04,3014.04,3044.04,1,367.553
data/instance_small,parallel,2,999,120,2972.67,3079.67,2821.91,2839.91,1,200.39
data/instance_small,parallel,2,1337,164,3048.21,3124.21,3018.97,3051.97,1,276.548
data/instance_small,parallel,2,2048,200,3019.12,3049.12,3019.12,3049.12,1,424.88
data/instance_small,parallel,2,3141,132,3040.42,3072.23,3039.29,3063.29,1,256.755
data/instance_small,parallel,2,4096,200,3002.36,3029.36,3002.36,3029.36,1,396.556
data/instance_small,parallel,2,5000,200,3020.41,3100.07,3007.96,3028.96,1,341.14
data/instance_small,parallel,2,6789,186,3065.05,3089.05,3065.05,3089.05,1,385.841
data/instance_small,parallel,2,7654,140,3030.93,3097.93,3002.42,3029.42,1,227.308
data/instance_small,parallel,2,8192,148,2984.27,3011.27,2984.27,3011.27,1,252.023
data/instance_small,parallel,2,9001,200,3019.1,3049.1,3019.1,3049.1,1,317.01
data/instance_small,parallel,2,9999,137,2992.62,3102.62,2935.38,2959.38,1,305.849
data/instance_small,parallel,4,42,200,3024.18,3088.18,2970.42,2997.42,1,289.762
data/instance_small,parallel,4,123,152,3061.76,3097.76,3061.76,3097.76,1,203.056
data/instance_small,parallel,4,256,200,3097.2,3130.2,3097.2,3130.2,1,264.319
data/instance_small,parallel,4,512,142,3032.75,3059.75,3032.75,3059.75,1,204.738
data/instance_small,parallel,4,999,171,3016.98,3123.98,2990.04,3014.04,1,256.785
data/instance_small,parallel,4,1337,137,3028.09,3095.52,2978.85,3002.85,1,174.633
data/instance_small,parallel,4,2048,139,3048.29,3078.29,3048.29,3078.29,1,198.97
data/instance_small,parallel,4,3141,200,3094.23,3130.23,3094.23,3130.23,1,284.677
data/instance_small,parallel,4,4096,200,3012.05,3039.05,3012.05,3039.05,1,270.513
data/instance_small,parallel,4,5000,120,2955.04,2997.9,2950.68,2983.68,1,188.611
data/instance_small,parallel,4,6789,200,3085.48,3118.48,3085.48,3118.48,1,275.148
data/instance_small,parallel,4,7654,150,2992.79,3062.79,2969.08,2993.08,1,207.816
data/instance_small,parallel,4,8192,157,2967.06,3034.12,2894.57,2915.57,1,240.488
data/instance_small,parallel,4,9001,200,3058.72,3134.72,3054.62,3087.62,1,271.649
data/instance_small,parallel,4,9999,200,3048.86,3072.86,3048.86,3072.86,1,279.175
data/instance_small,parallel,8,42,200,3055.23,3085.23,3055.23,3085.23,1,257.004
data/instance_small,parallel,8,123,200,3039.67,3114.18,3034.88,3064.88,1,283.723
data/instance_small,parallel,8,256,195,3058.85,3128.85,3052.22,3082.22,1,269.467
data/instance_small,parallel,8,512,200,3043.33,3079.33,3043.33,3079.33,1,265.149
data/instance_small,parallel,8,999,195,3016.1,3133.84,3010.84,3040.84,1,316.315
data/instance_small,parallel,8,1337,177,3051.54,3136.84,3032.39,3059.39,1,202.956
data/instance_small,parallel,8,2048,168,3066.37,3099.37,3066.37,3099.37,1,227.628
data/instance_small,parallel,8,3141,200,3048.15,3121.15,3020.64,3047.64,1,268.534
data/instance_small,parallel,8,4096,129,2910.97,3015.56,2825.19,2840.19,1,185.014
data/instance_small,parallel,8,5000,183,3031.13,3052.13,3031.13,3052.13,1,269.536
data/instance_small,parallel,8,6789,200,2982.33,3107.07,2964.11,2994.11,1,249.158
data/instance_small,parallel,8,7654,146,3044.83,3071.83,3044.83,3071.83,1,198.996
data/instance_small,parallel,8,8192,162,3051.68,3081.68,3051.68,3081.68,1,219.298
data/instance_small,parallel,8,9001,200,3029.68,3114.34,3021.77,3048.77,1,294.082
data/instance_small,parallel,8,9999,184,3032.91,3105.91,3022.82,3052.82,1,235.264
data/instance_small,islands,1,42,200,3080.69,3113.69,3080.69,3113.69,1,615.703
data/instance_small,islands,1,123,200,3034.88,3070.88,3034.88,3070.88,1,596.554
data/instance_small,islands,1,256,200,3014.68,3169.3,2961.92,2991.92,1,614.346
data/instance_small,islands,1,512,200,3004.32,3074.32,2982.51,3015.51,1,621.616
data/instance_small,islands,1,999,200,3060.27,3090.27,3060.27,3090.27,1,591.773
data/instance_small,islands,1,1337,200,3043.92,3122.92,3027.82,3063.82,1,616.205
data/instance_small,islands,1,2048,200,3019.13,3049.13,3019.13,3049.13,1,593.901
data/instance_small,islands,1,3141,200,2969.41,3033.41,2927.37,2948.37,1,674.61
data/instance_small,islands,1,4096,200,3049.38,3082.38,3049.38,3082.38,1,616.569
data/instance_small,islands,1,5000,200,3050.81,3080.81,3050.81,3080.81,1,613.837
data/instance_small,islands,1,6789,200,2969.41,2999.91,2965.27,2986.27,1,605.736
data/instance_small,islands,1,7654,200,2983.32,3047.32,2933.32,2954.32,1,594.245
data/instance_small,islands,1,8192,200,3047.91,3083.91,3047.91,3083.91,1,606.219
data/instance_small,islands,1,9001,200,3049.64,3162.64,3045.77,3072.77,1,619.374
data/instance_small,islands,1,9999,200,3021.03,3131.03,3005.65,3038.65,1,627.012
data/instance_small,islands,2,42,200,3062.19,3089.19,3062.19,3089.19,1,643.393
data/instance_small,islands,2,123,200,3048.51,3125.78,3021.09,3051.09,1,691.333
data/instance_small,islands,2,256,200,3050.68,3080.68,3050.68,3080.68,1,668.319
data/instance_small,islands,2,512,200,3055.61,3085.61,3055.61,3085.61,1,670.587
data/instance_small,islands,2,999,200,3094.23,3130.23,3094.23,3130.23,1,657.979
data/instance_small,islands,2,1337,200,3077.91,3113.91,3077.91,3113.91,1,687.801
data/instance_small,islands,2,2048,200,3051.37,3084.37,3051.37,3084.37,1,671.851
data/instance_small,islands,2,3141,200,3094.23,3130.23,3094.23,3130.23,1,725.702
data/instance_small,islands,2,4096,200,3093.53,3126.53,3093.53,3126.53,1,622.258
data/instance_small,islands,2,5000,200,3083.27,3113.27,3083.27,3113.27,1,707.951
data/instance_small,islands,2,6789,200,3049.23,3125.23,3043.12,3076.12,1,648.665
data/instance_small,islands,2,7654,200,3072.86,3110.21,3070.47,3103.47,1,699.345
data/instance_small,islands,2,8192,200,3088.45,3118.45,3088.45,3118.45,1,638.729
data/instance_small,islands,2,9001,200,3072.86,3110.21,3067.65,3100.65,1,715.433
data/instance_small,islands,2,9999,200,3011.35,3075.35,2991.83,3015.83,1,633.713
data/instance_small,islands,4,42,200,3097.2,3130.2,3097.2,3130.2,1,813.141
data/instance_small,islands,4,123,200,3059.69,3129.69,3030.96,3057.96,1,786.877
data/instance_small,islands,4,256,200,3088.45,3118.45,3088.45,3118.45,1,1059.77
data/instance_small,islands,4,512,200,3051.02,3083.61,3043.78,3073.78,1,1249.77
data/instance_small,islands,4,999,200,3066.32,3093.32,3066.32,3093.32,1,1026.22
data/instance_small,islands,4,1337,200,3097.2,3130.2,3097.2,3130.2,1,887.519
data/instance_small,islands,4,2048,200,3063.88,3093.88,3063.88,3093.88,1,736.251
data/instance_small,islands,4,3141,200,3086.56,3116.56,3086.56,3116.56,1,723.654
data/instance_small,islands,4,4096,200,3088.45,3118.45,3088.45,3118.45,1,705.275
data/instance_small,islands,4,5000,200,3082.93,3149.93,3076.3,3103.3,1,775.21
data/instance_small,islands,4,6789,200,3080.76,3121.35,3080.34,3107.34,1,734.062
data/instance_small,islands,4,7654,200,3097.2,3130.2,3097.2,3130.2,1,777.875
data/instance_small,islands,4,8192,200,3097.2,3130.2,3097.2,3130.2,1,738.242
data/instance_small,islands,4,9001,200,3066.37,3099.37,3066.37,3099.37,1,746.9
data/instance_small,islands,4,9999,200,3031.12,3058.12,3031.12,3058.12,1,742.157
data/instance_small,islands,8,42,200,3064.89,3088.89,3064.89,3088.89,1,1221.99
data/instance_small,islands,8,123,200,3094.23,3130.23,3094.23,3130.23,1,1109.64
data/instance_small,islands,8,256,200,3088.45,3118.45,3088.45,3118.45,1,1155.92
data/instance_small,islands,8,512,200,3066.11,3103.42,3057.16,3090.16,1,1148.36
data/instance_small,islands,8,999,200,3088.45,3118.45,3088.45,3118.45,1,1130
data/instance_small,islands,8,1337,200,3097.2,3130.2,3097.2,3130.2,1,1236.57
data/instance_small,islands,8,2048,200,3063.21,3139.21,3060.94,3093.94,1,1220.91
data/instance_small,islands,8,3141,200,3093.53,3126.53,3093.53,3126.53,1,1167.73
data/instance_small,islands,8,4096,200,3097.2,3130.2,3097.2,3130.2,1,1155.9
data/instance_small,islands,8,5000,200,3059.79,3098.79,3059.79,3098.79,1,1205.87
data/instance_small,islands,8,6789,200,3094.23,3130.23,3094.23,3130.23,1,1178.37
data/instance_small,islands,8,7654,200,3088.94,3115.94,3088.94,3115.94,1,1164.58
data/instance_small,islands,8,8192,200,3097.2,3130.2,3097.2,3130.2,1,1137.28
data/instance_small,islands,8,9001,200,3093.53,3126.53,3093.53,3126.53,1,1142.59
data/instance_small,islands,8,9999,200,3097.2,3130.2,3097.2,3130.2,1,1253.7
data/instance_medium,sequential,1,42,200,24212.6,26213.5,0,0,0,4311.44
data/instance_medium,sequential,1,123,200,24362.2,25853.4,0,0,0,4183.36
data/instance_medium,sequential,1,256,200,24688.8,26152.8,0,0,0,4207.63
data/instance_medium,sequential,1,512,200,24690.9,26073.2,0,0,0,4381.14
data/instance_medium,sequential,1,999,173,24120.4,25255.7,0,0,0,3610.56
data/instance_medium,sequential,1,1337,200,24768.6,26659.6,0,0,0,4168.92
data/instance_medium,sequential,1,2048,200,24514.1,26188.1,0,0,0,4153.86
data/instance_medium,sequential,1,3141,200,24783.5,25851.5,0,0,0,4182.91
data/instance_medium,sequential,1,4096,200,24323.7,25948.7,0,0,0,4158.92
data/instance_medium,sequential,1,5000,165,24374.4,25842.4,0,0,0,3444.24
data/instance_medium,sequential,1,6789,176,24301.7,25304.7,0,0,0,3601.49
data/instance_medium,sequential,1,7654,200,24632,25886.5,0,0,0,4146.05
data/instance_medium,sequential,1,8192,200,24319.8,26128.8,0,0,0,4155.71
data/instance_medium,sequential,1,9001,200,24905.6,25785.6,0,0,0,4247.14
data/instance_medium,sequential,1,9999,200,24577.1,26163.5,0,0,0,4139.33
data/instance_medium,parallel,1,42,200,24685.8,26097.8,0,0,0,4151.77
data/instance_medium,parallel,1,123,186,24316.5,25772.1,0,0,0,3854.56
data/instance_medium,parallel,1,256,200,24843.3,26312.6,0,0,0,4179.91
data/instance_medium,parallel,1,512,200,23927.8,25589.8,0,0,0,4215.63
data/instance_medium,parallel,1,999,200,24296,25542.6,0,0,0,4171.41
data/instance_medium,parallel,1,1337,200,24190.8,25652.8,0,0,0,4172.96
data/instance_medium,parallel,1,2048,164,24226.5,25965.5,0,0,0,3430.89
data/instance_medium,parallel,1,3141,184,24284.9,25818.8,0,0,0,3819.67
data/instance_medium,parallel,1,4096,200,24456.5,25798.5,0,0,0,4185.5
data/instance_medium,parallel,1,5000,200,24695,25775,0,0,0,4179.9
data/instance_medium,parallel,1,6789,200,24383.7,25835.7,0,0,0,4166.4
data/instance_medium,parallel,1,7654,171,24186.2,25608.2,0,0,0,3532.32
data/instance_medium,parallel,1,8192,200,24011.1,25815.1,0,0,0,4190.4
data/instance_medium,parallel,1,9001,114,23391.6,24810.6,0,0,0,2360.46
data/instance_medium,parallel,1,9999,166,23972.8,24902.8,0,0,0,3461.69
data/instance_medium,parallel,2,42,200,24448.4,25811.4,0,0,0,2241
data/instance_medium,parallel,2,123,200,24388.9,25993.3,0,0,0,2316.03
data/instance_medium,parallel,2,256,200,24160.9,25782.9,0,0,0,2306.57
data/instance_medium,parallel,2,512,200,24559.6,26002.6,0,0,0,2320.55
data/instance_medium,parallel,2,999,200,24813.3,26524.3,0,0,0,2290.04
data/instance_medium,parallel,2,1337,200,24648.3,26045.3,0,0,0,2383.48
data/instance_medium,parallel,2,2048,156,24717.7,26345.7,0,0,0,1888.19
data/instance_medium,parallel,2,3141,200,24612.5,26264.5,0,0,0,2357.62
data/instance_medium,parallel,2,4096,200,24796.9,26242.9,0,0,0,2284.42
data/instance_medium,parallel,2,5000,200,24578.3,26424.3,0,0,0,2311.18
data/instance_medium,parallel,2,6789,200,24162.2,25473.2,0,0,0,2370.23
data/instance_medium,parallel,2,7654,200,24569.3,26127.1,0,0,0,2321.14
data/instance_medium,parallel,2,8192,173,24618.4,26291.4,0,0,0,2072.06
data/instance_medium,parallel,2,9001,200,24395,25537,0,0,0,2335.87
data/instance_medium,parallel,2,9999,200,24042.8,25267.8,0,0,0,2432.22
data/instance_medium,parallel,4,42,200,24533.6,26068.6,0,0,0,1483.08
data/instance_medium,parallel,4,123,200,24386,25789,0,0,0,1547.86
data/instance_medium,parallel,4,256,165,24503.8,26005.8,0,0,0,1317.33
data/instance_medium,parallel,4,512,197,24542.5,25758.5,0,0,0,1514.31
data/instance_medium,parallel,4,999,200,24674.2,25979.2,0,0,0,1607.83
data/instance_medium,parallel,4,1337,164,24372.6,25437.6,0,0,0,1221.27
data/instance_medium,parallel,4,2048,198,24053.8,25394.8,0,0,0,1661.53
data/instance_medium,parallel,4,3141,200,24591,26120,0,0,0,1554.21
data/instance_medium,parallel,4,4096,200,24285.4,26036.4,0,0,0,1504.15
data/instance_medium,parallel,4,5000,175,24565,26135,0,0,0,1412.6
data/instance_medium,parallel,4,6789,200,24980.7,26785.7,0,0,0,1555.49
data/instance_medium,parallel,4,7654,200,24625,25755,0,0,0,1547.36
data/instance_medium,parallel,4,8192,200,24186.6,25424.2,0,0,0,1571.73
data/instance_medium,parallel,4,9001,154,24209.8,25846.8,0,0,0,1236.03
data/instance_medium,parallel,4,9999,200,24319.1,25572.1,0,0,0,1545.61
data/instance_medium,parallel,8,42,200,25115.9,26245.9,0,0,0,1307.88
data/instance_medium,parallel,8,123,200,24428.1,25987.7,0,0,0,1423.31
data/instance_medium,parallel,8,256,200,24458.9,25655.9,0,0,0,1313.38
data/instance_medium,parallel,8,512,188,24471.8,25868.8,0,0,0,1226.09
data/instance_medium,parallel,8,999,200,23963.7,25520.7,0,0,0,1287.83
data/instance_medium,parallel,8,1337,200,24899.1,26216.1,0,0,0,1420.26
data/instance_medium,parallel,8,2048,127,23932.5,25102.5,0,0,0,899.948
data/instance_medium,parallel,8,3141,200,24915.3,26300.3,0,0,0,1366.3
data/instance_medium,parallel,8,4096,200,24168.3,25650.1,0,0,0,1293.79
data/instance_medium,parallel,8,5000,200,25019.3,26425.8,0,0,0,1390.54
data/instance_medium,parallel,8,6789,200,25208.7,26216.3,0,0,0,1332.8
data/instance_medium,parallel,8,7654,200,24457.9,25805.9,0,0,0,1305.22
data/instance_medium,parallel,8,8192,200,24559.6,25818.6,0,0,0,1300.31
data/instance_medium,parallel,8,9001,200,23980.7,25356.7,0,0,0,1478.55
data/instance_medium,parallel,8,9999,200,24415.1,26181.1,0,0,0,1298.94
data/instance_medium,islands,1,42,200,24655.6,25815.6,0,0,0,4403.54
data/instance_medium,islands,1,123,200,24797.9,25895.9,0,0,0,4371.35
data/instance_medium,islands,1,256,200,24844.4,26124.4,0,0,0,4340.63
data/instance_medium,islands,1,512,200,24672,26398,0,0,0,4325.8
data/instance_medium,islands,1,999,200,24464.9,25929.9,0,0,0,4577.63
data/instance_medium,islands,1,1337,200,24348.9,25687.9,0,0,0,4351.44
data/instance_medium,islands,1,2048,200,24730.2,26154.2,0,0,0,4383
data/instance_medium,islands,1,3141,200,24554.2,26040.2,0,0,0,4335.4
data/instance_medium,islands,1,4096,200,24284.3,25893.3,0,0,0,4320.45
data/instance_medium,islands,1,5000,200,24767.5,26351.5,0,0,0,4280.44
data/instance_medium,islands,1,6789,200,24242.3,25670.3,0,0,0,4300.82
data/instance_medium,islands,1,7654,200,24540.9,26383.8,0,0,0,4280.64
data/instance_medium,islands,1,8192,200,24834.7,26059.7,0,0,0,4358.59
data/instance_medium,islands,1,9001,200,24886.8,26329.8,0,0,0,4313.76
data/instance_medium,islands,1,9999,200,24315.9,25808.9,0,0,0,4310.49
data/instance_medium,islands,2,42,200,24482.3,26036.3,0,0,0,4814.58
data/instance_medium,islands,2,123,200,25182.3,26273.1,0,0,0,4810.26
data/instance_medium,islands,2,256,200,25085.6,26362.6,0,0,0,4873.59
data/instance_medium,islands,2,512,200,24789.9,26131.9,0,0,0,4852.72
data/instance_medium,islands,2,999,200,24763.8,26024,0,0,0,5038.26
data/instance_medium,islands,2,1337,200,24871.7,26815.2,0,0,0,5030.8
data/instance_medium,islands,2,2048,200,24495.9,26184.9,0,0,0,5030.8
data/instance_medium,islands,2,3141,200,25275.7,26489.6,0,0,0,5013.93
data/instance_medium,islands,2,4096,200,24484.7,26161.1,0,0,0,4990.75
data/instance_medium,islands,2,5000,200,24837.2,26205.6,0,0,0,4830.68
data/instance_medium,islands,2,6789,200,24973.7,26599.7,0,0,0,5028.64
data/instance_medium,islands,2,7654,200,24696.5,26063.5,0,0,0,4938.69
data/instance_medium,islands,2,8192,200,24800.1,26145.1,0,0,0,4951.97
data/instance_medium,islands,2,9001,200,25109.5,26863.8,0,0,0,5211.07
data/instance_medium,islands,2,9999,200,25306,26927,0,0,0,4934.5
data/instance_medium,islands,4,42,200,25130.8,26238.8,0,0,0,6322.53
data/instance_medium,islands,4,123,200,24468.3,25991.3,0,0,0,6434.23
data/instance_medium,islands,4,256,200,25410.6,26415.1,0,0,0,6458.82
data/instance_medium,islands,4,512,200,24837,26237,0,0,0,6407.13
data/instance_medium,islands,4,999,200,25249.7,26544.7,0,0,0,6421.22
data/instance_medium,islands,4,1337,200,24860.7,26423.3,0,0,0,6584.19
data/instance_medium,islands,4,2048,200,25019,26577.2,0,0,0,6485.9
data/instance_medium,islands,4,3141,200,24798.3,26164.3,0,0,0,6426.66
data/instance_medium,islands,4,4096,200,24874.5,26288.8,0,0,0,6525.13
data/instance_medium,islands,4,5000,200,25014.4,26162.4,0,0,0,6533.91
data/instance_medium,islands,4,6789,200,25015.4,26452.4,0,0,0,6494.31
data/instance_medium,islands,4,7654,200,25361.9,26746.9,0,0,0,6494.36
data/instance_medium,islands,4,8192,200,25104.5,26765.5,0,0,0,6548.67
data/instance_medium,islands,4,9001,200,25258.5,26584.1,0,0,0,6514.44
data/instance_medium,islands,4,9999,200,25400.2,26819.2,0,0,0,6519.99
data/instance_medium,islands,8,42,200,25227.5,26578.5,0,0,0,9926.08
data/instance_medium,islands,8,123,200,25185.6,26638.2,0,0,0,9910.73
data/instance_medium,islands,8,256,200,24980.9,26419.4,0,0,0,9829.61
data/instance_medium,islands,8,512,200,24904.9,26040.9,0,0,0,9916.62
data/instance_medium,islands,8,999,200,25738.2,27156.2,0,0,0,9958.92
data/instance_medium,islands,8,1337,200,25243.2,26563.2,0,0,0,10022.3
data/instance_medium,islands,8,2048,200,24990,26501,0,0,0,10073.4
data/instance_medium,islands,8,3141,200,24952.7,26541.8,0,0,0,9990.12
data/instance_medium,islands,8,4096,200,24831.7,26287.4,0,0,0,9938.24
data/instance_medium,islands,8,5000,200,25104.1,25995.8,0,0,0,10360.3
data/instance_medium,islands,8,6789,200,25340.3,26369.3,0,0,0,10013
data/instance_medium,islands,8,7654,200,25149.2,26272.2,0,0,0,10096.7
data/instance_medium,islands,8,8192,200,24791.5,26022.5,0,0,0,10026.1
data/instance_medium,islands,8,9001,200,24998.8,26179.8,0,0,0,10052.3
data/instance_medium,islands,8,9999,200,25297.6,27032.6,0,0,0,10048.1
data/instance_large,sequential,1,42,200,142640,228229,0,0,0,41661.5
data/instance_large,sequential,1,123,200,143809,227447,0,0,0,40975.9
data/instance_large,sequential,1,256,200,159995,226664,0,0,0,40727.1
data/instance_large,sequential,1,512,200,151647,222916,0,0,0,40519
data/instance_large,sequential,1,999,193,150154,227342,0,0,0,38881.9
data/instance_large,sequential,1,1337,200,149069,229297,0,0,0,40677.9
data/instance_large,sequential,1,2048,200,145093,226276,0,0,0,40484.4
data/instance_large,sequential,1,3141,200,151442,224333,0,0,0,40636
data/instance_large,sequential,1,4096,200,158531,223253,0,0,0,40526.7
data/instance_large,sequential,1,5000,200,148312,228735,0,0,0,40423.9
data/instance_large,sequential,1,6789,200,147976,230022,0,0,0,40649
data/instance_large,sequential,1,7654,200,155851,227937,0,0,0,40662.1
data/instance_large,sequential,1,8192,200,145241,225134,0,0,0,40824.3
data/instance_large,sequential,1,9001,200,158812,227075,0,0,0,40686
data/instance_large,sequential,1,9999,175,145725,228457,0,0,0,35492.9
data/instance_large,parallel,1,42,200,147574,225712,0,0,0,40572.9
data/instance_large,parallel,1,123,200,152607,225466,0,0,0,40642
data/instance_large,parallel,1,256,200,154761,226802,0,0,0,40707.6
data/instance_large,parallel,1,512,200,149623,228011,0,0,0,40709.5
data/instance_large,parallel,1,999,200,152889,227162,0,0,0,40804.2
data/instance_large,parallel,1,1337,200,151944,225455,0,0,0,40579.4
data/instance_large,parallel,1,2048,200,145213,228944,0,0,0,41025.8
data/instance_large,parallel,1,3141,200,148504,230118,0,0,0,41410.3
data/instance_large,parallel,1,4096,193,143123,229429,0,0,0,39196.7
data/instance_large,parallel,1,5000,200,150050,225275,0,0,0,40702.4
data/instance_large,parallel,1,6789,200,152143,225094,0,0,0,40447.1
data/instance_large,parallel,1,7654,200,161532,222830,0,0,0,40349.8
data/instance_large,parallel,1,8192,200,149729,225883,0,0,0,40470.5
data/instance_large,parallel,1,9001,200,155653,225144,0,0,0,40513.5
data/instance_large,parallel,1,9999,200,156346,223961,0,0,0,40291.2
data/instance_large,parallel,2,42,200,154457,224385,0,0,0,22779.6
data/instance_large,parallel,2,123,200,153958,226655,0,0,0,23077.3
data/instance_large,parallel,2,256,200,142681,231523,0,0,0,22751.5
data/instance_large,parallel,2,512,200,150181,225568,0,0,0,22755.9
data/instance_large,parallel,2,999,200,155019,225243,0,0,0,22916.2
data/instance_large,parallel,2,1337,200,152865,227132,0,0,0,23359.6
data/instance_large,parallel,2,2048,200,151586,226582,0,0,0,23024
data/instance_large,parallel,2,3141,200,144834,229448,0,0,0,23225.1
data/instance_large,parallel,2,4096,200,156233,229497,0,0,0,23192.6
data/instance_large,parallel,2,5000,200,159791,223330,0,0,0,22965.6
data/instance_large,parallel,2,6789,200,162030,228180,0,0,0,23042.8
data/instance_large,parallel,2,7654,200,161869,223952,0,0,0,23354.9
data/instance_large,parallel,2,8192,200,150259,226884,0,0,0,23229.1
data/instance_large,parallel,2,9001,200,154862,224582,0,0,0,24088.9
data/instance_large,parallel,2,9999,200,155385,224485,0,0,0,23170.6
data/instance_large,parallel,4,42,200,150298,223410,0,0,0,14818.7
data/instance_large,parallel,4,123,200,164020,224791,0,0,0,15052.6
data/instance_large,parallel,4,256,200,146579,230564,0,0,0,15053.7
data/instance_large,parallel,4,512,200,169740,222160,0,0,0,15182.9
data/instance_large,parallel,4,999,200,144435,226720,0,0,0,15190.6
data/instance_large,parallel,4,1337,200,158726,222303,0,0,0,15032.8
data/instance_large,parallel,4,2048,198,157383,225058,0,0,0,15066.3
data/instance_large,parallel,4,3141,200,145929,226617,0,0,0,15069.3
data/instance_large,parallel,4,4096,200,151107,227791,0,0,0,15152.1
data/instance_large,parallel,4,5000,200,144164,227828,0,0,0,15425.1
data/instance_large,parallel,4,6789,200,146664,224989,0,0,0,15250
data/instance_large,parallel,4,7654,200,146940,228286,0,0,0,15220.1
data/instance_large,parallel,4,8192,200,168959,222670,0,0,0,15410.4
data/instance_large,parallel,4,9001,200,153565,222793,0,0,0,15231.4
data/instance_large,parallel,4,9999,200,151246,224838,0,0,0,15287.2
data/instance_large,parallel,8,42,200,144678,227333,0,0,0,11917.6
data/instance_large,parallel,8,123,200,163774,221955,0,0,0,11947.4
data/instance_large,parallel,8,256,200,149032,229387,0,0,0,12177.8
data/instance_large,parallel,8,512,200,149650,227711,0,0,0,12258.1
data/instance_large,parallel,8,999,200,153636,227104,0,0,0,12117.3
data/instance_large,parallel,8,1337,200,145189,226972,0,0,0,12089.5
data/instance_large,parallel,8,2048,200,147184,226944,0,0,0,12944.7
data/instance_large,parallel,8,3141,200,155374,225734,0,0,0,12086.7
data/instance_large,parallel,8,4096,200,164708,225077,0,0,0,12083.1
data/instance_large,parallel,8,5000,200,150080,228205,0,0,0,12054.3
data/instance_large,parallel,8,6789,200,153721,228519,0,0,0,12204.7
data/instance_large,parallel,8,7654,200,150687,228961,0,0,0,12203.6
data/instance_large,parallel,8,8192,200,153849,228620,0,0,0,12169.1
data/instance_large,parallel,8,9001,200,149379,227032,0,0,0,12383.3
data/instance_large,parallel,8,9999,200,145371,229010,0,0,0,12505.8
data/instance_large,islands,1,42,200,164840,227235,0,0,0,42922.9
data/instance_large,islands,1,123,200,138415,230175,0,0,0,42041.9
data/instance_large,islands,1,256,200,153054,225434,0,0,0,41860.1
data/instance_large,islands,1,512,200,158834,224440,0,0,0,42041.4
data/instance_large,islands,1,999,200,174979,219678,0,0,0,41900.3
data/instance_large,islands,1,1337,200,144088,223795,0,0,0,41782.8
data/instance_large,islands,1,2048,200,153513,226740,0,0,0,41809.4
data/instance_large,islands,1,3141,200,149930,223123,0,0,0,41715.2
data/instance_large,islands,1,4096,200,151219,226664,0,0,0,42000.7
data/instance_large,islands,1,5000,200,161387,226774,0,0,0,41752
data/instance_large,islands,1,6789,200,151764,224943,0,0,0,41712.7
data/instance_large,islands,1,7654,200,145941,228022,0,0,0,41648.6
data/instance_large,islands,1,8192,200,163915,225182,0,0,0,41741.1
data/instance_large,islands,1,9001,200,156560,227017,0,0,0,41777.5
data/instance_large,islands,1,9999,200,157470,226895,0,0,0,41772.7
data/instance_large,islands,2,42,200,172176,223431,0,0,0,47172.2
data/instance_large,islands,2,123,200,166169,221487,0,0,0,47367.7
data/instance_large,islands,2,256,200,172145,223695,0,0,0,48433.7
data/instance_large,islands,2,512,200,167701,223842,0,0,0,47597.6
data/instance_large,islands,2,999,200,155114,222760,0,0,0,47833.1
data/instance_large,islands,2,1337,200,167171,224127,0,0,0,47631.7
data/instance_large,islands,2,2048,200,167947,223274,0,0,0,48300.6
data/instance_large,islands,2,3141,200,157558,223540,0,0,0,47786.2
data/instance_large,islands,2,4096,200,167053,221754,0,0,0,48036.9
data/instance_large,islands,2,5000,200,156648,224282,0,0,0,47780.1
data/instance_large,islands,2,6789,200,161082,222805,0,0,0,48160.4
data/instance_large,islands,2,7654,200,169556,221655,0,0,0,47646
data/instance_large,islands,2,8192,200,158424,224151,0,0,0,47774.3
data/instance_large,islands,2,9001,200,174958,222351,0,0,0,47758.8
data/instance_large,islands,2,9999,200,170006,224373,0,0,0,47793.1
data/instance_large,islands,4,42,200,177117,222461,0,0,0,61152.3
data/instance_large,islands,4,123,200,172395,222629,0,0,0,62040.2
data/instance_large,islands,4,256,200,177245,223718,0,0,0,62331.8
data/instance_large,islands,4,512,200,160952,224683,0,0,0,61806.4
data/instance_large,islands,4,999,200,163736,223571,0,0,0,62408.4
data/instance_large,islands,4,1337,200,170268,228578,0,0,0,62401.5
data/instance_large,islands,4,2048,200,170477,220726,0,0,0,62656.8
data/instance_large,islands,4,3141,200,180674,224155,0,0,0,62593.5
data/instance_large,islands,4,4096,200,172736,223577,0,0,0,62123
data/instance_large,islands,4,5000,200,174056,222166,0,0,0,62767.1
data/instance_large,islands,4,6789,200,176168,224030,0,0,0,63237.6
data/instance_large,islands,4,7654,200,171862,227216,0,0,0,62633.5
data/instance_large,islands,4,8192,200,171789,224751,0,0,0,62754.2
data/instance_large,islands,4,9001,200,164586,225993,0,0,0,62500.7
data/instance_large,islands,4,9999,200,175798,226132,0,0,0,62513.8
data/instance_large,islands,8,42,200,174674,226349,0,0,0,96624
data/instance_large,islands,8,123,200,179434,221982,0,0,0,97218.1
data/instance_large,islands,8,256,200,183593,221192,0,0,0,97683
data/instance_large,islands,8,512,200,180262,224091,0,0,0,97237.5
data/instance_large,islands,8,999,200,177394,221893,0,0,0,97623.7
data/instance_large,islands,8,1337,200,176991,225516,0,0,0,97526.6
data/instance_large,islands,8,2048,200,171116,221874,0,0,0,97550.8
data/instance_large,islands,8,3141,200,184582,224497,0,0,0,98419
data/instance_large,islands,8,4096,200,183266,224147,0,0,0,106199
data/instance_large,islands,8,5000,200,169387,225279,0,0,0,98917.7
data/instance_large,islands,8,6789,200,174016,222109,0,0,0,99036.4
data/instance_large,islands,8,7654,200,179751,223059,0,0,0,98110
data/instance_large,islands,8,8192,200,178238,226953,0,0,0,98629.7
data/instance_large,islands,8,9001,200,192919,219175,0,0,0,99264.2
data/instance_large,islands,8,9999,200,176789,224651,0,0,0,99567.3
