instance,variant,threads,seed,generations,best_fitness,best_value,best_feasible_fitness,best_feasible_value,feasible,time_ms,best_feasible_items,best_feasible_weight,best_feasible_volume
data/instance_small,sequential,1,42,148,0.39803,3766.28,0.276941,2246.72,1,397.996,38,997.53,763.81
data/instance_small,sequential,1,123,139,0.398401,3668.92,0.270862,2197.51,1,366.219,38,989.66,762.67
data/instance_small,sequential,1,256,138,0.398401,3668.92,0.252472,2043.79,1,355.507,38,954.37,744.88
data/instance_small,sequential,1,512,166,0.398401,3668.92,0.269261,2187.79,1,430.213,37,961.28,711.07
data/instance_small,sequential,1,999,157,0.398401,3668.92,0.255852,2077.62,1,401.647,40,950.04,732.94
data/instance_small,sequential,1,1337,120,0.398401,3668.92,0.270171,2191.92,1,309.19,39,909.53,785.39
data/instance_small,sequential,1,2048,138,0.398401,3668.92,0.254683,2066.54,1,356.005,40,1006.68,772.81
data/instance_small,sequential,1,3141,160,0.398401,3668.92,0.2581,2097.44,1,413.771,40,1009.54,782.25
data/instance_small,sequential,1,4096,107,0.397964,3645.83,0.26037,2114.2,1,278.709,39,958.61,767.53
data/instance_small,sequential,1,5000,137,0.39803,3766.28,0.277734,2253.14,1,358.507,41,949.18,741
data/instance_small,sequential,1,6789,133,0.398401,3668.92,0.268008,2172.79,1,353.222,38,960.12,775.17
data/instance_small,sequential,1,7654,132,0.39803,3766.28,0.265319,2155.88,1,343.087,39,835.59,798.28
data/instance_small,sequential,1,8192,171,0.39803,3766.28,0.274774,2234.04,1,442.254,41,1007.83,780.38
data/instance_small,sequential,1,9001,131,0.398401,3668.92,0.334776,2721.38,1,342.759,44,1010.19,804.26
data/instance_small,sequential,1,9999,139,0.39803,3766.28,0.266547,2165.82,1,388.074,40,997.85,770.79
data/instance_small,parallel,1,42,143,0.39803,3766.28,0.261808,2127.46,1,376.886,37,956.29,777.91
data/instance_small,parallel,1,123,133,0.39803,3766.28,0.270862,2197.51,1,346.76,38,989.66,762.67
data/instance_small,parallel,1,256,120,0.398401,3668.92,0.252472,2043.79,1,311.131,38,954.37,744.88
data/instance_small,parallel,1,512,140,0.398401,3668.92,0.272998,2221.28,1,364.773,41,976.32,779.55
data/instance_small,parallel,1,999,139,0.398401,3668.92,0.255852,2077.62,1,361.255,40,950.04,732.94
data/instance_small,parallel,1,1337,134,0.398401,3668.92,0.258474,2098.85,1,346.596,38,988.85,723.38
data/instance_small,parallel,1,2048,126,0.398401,3668.92,0.255168,2076.94,1,328.07,39,974.9,680.87
data/instance_small,parallel,1,3141,138,0.39803,3766.28,0.2581,2097.44,1,377.524,40,1009.54,782.25
data/instance_small,parallel,1,4096,112,0.39803,3766.28,0.253323,2065.25,1,291.304,43,935.12,771.71
data/instance_small,parallel,1,5000,151,0.398401,3668.92,0.267763,2169.19,1,397.212,37,849.91,749.13
data/instance_small,parallel,1,6789,138,0.39803,3766.28,0.268008,2172.79,1,359.999,38,960.12,775.17
data/instance_small,parallel,1,7654,124,0.398401,3668.92,0.265319,2155.88,1,320.132,39,835.59,798.28
data/instance_small,parallel,1,8192,153,0.398401,3668.92,0.266095,2160.54,1,405.749,40,978.05,801.91
data/instance_small,parallel,1,9001,139,0.39803,3766.28,0.267298,2170.28,1,363.308,40,956.32,799.96
data/instance_small,parallel,1,9999,120,0.398401,3668.92,0.313606,2548.39,1,309.831,41,1003.18,780.66
data/instance_small,parallel,2,42,139,0.39803,3766.28,0.263151,2139.95,1,191.893,38,971.66,803.43
data/instance_small,parallel,2,123,125,0.39803,3766.28,0.273059,2210.44,1,172.787,38,873.62,718.72
data/instance_small,parallel,2,256,125,0.398401,3668.92,0.265116,2147.76,1,170.447,40,997.81,791.59
data/instance_small,parallel,2,512,143,0.39803,3766.28,0.262966,2140.07,1,196.745,40,932.98,746.93
data/instance_small,parallel,2,999,153,0.39803,3766.28,0.255852,2077.62,1,211.141,40,950.04,732.94
data/instance_small,parallel,2,1337,137,0.39803,3766.28,0.283814,2303.98,1,189.603,39,927.6,800.93
data/instance_small,parallel,2,2048,118,0.398401,3668.92,0.253475,2055.14,1,167.262,39,834.33,797.09
data/instance_small,parallel,2,3141,117,0.39803,3766.28,0.2581,2097.44,1,165.225,40,1009.54,782.25
data/instance_small,parallel,2,4096,168,0.398401,3668.92,0.252031,2049.93,1,229.386,38,1006.67,730.41
data/instance_small,parallel,2,5000,177,0.398401,3668.92,0.267158,2167.53,1,240.842,38,939.79,747.22
data/instance_small,parallel,2,6789,126,0.398401,3668.92,0.268008,2172.79,1,174.925,38,960.12,775.17
data/instance_small,parallel,2,7654,112,0.398401,3668.92,0.265319,2155.88,1,152.045,39,835.59,798.28
data/instance_small,parallel,2,8192,149,0.398401,3668.92,0.260403,2116.08,1,206.738,38,874.21,729.35
data/instance_small,parallel,2,9001,128,0.398401,3668.92,0.269359,2191.82,1,177.069,42,1000.21,800.49
data/instance_small,parallel,2,9999,140,0.398401,3668.92,0.266391,2164.56,1,190.219,41,1007.44,757.4
data/instance_small,parallel,4,42,127,0.39803,3766.28,0.261808,2127.46,1,99.4427,37,956.29,777.91
data/instance_small,parallel,4,123,145,0.39803,3766.28,0.270862,2197.51,1,109.982,38,989.66,762.67
data/instance_small,parallel,4,256,139,0.39803,3766.28,0.254981,2068.95,1,106.18,39,1008.43,710.95
data/instance_small,parallel,4,512,149,0.398401,3668.92,0.267786,2179.09,1,113.657,42,984.7,772.9
data/instance_small,parallel,4,999,134,0.398401,3668.92,0.271408,2203.55,1,103,41,977.13,776.33
data/instance_small,parallel,4,1337,160,0.398401,3668.92,0.260421,2114.61,1,122.09,40,1000.8,759.39
data/instance_small,parallel,4,2048,110,0.398401,3668.92,0.26296,2130.31,1,85.3716,37,1000.62,785.11
data/instance_small,parallel,4,3141,129,0.39803,3766.28,0.2581,2097.44,1,98.6693,40,1009.54,782.25
data/instance_small,parallel,4,4096,139,0.39803,3766.28,0.251701,2050.5,1,108.02,39,1017.09,711.12
data/instance_small,parallel,4,5000,107,0.39803,3766.28,0.256483,2081.11,1,83.033,38,923.23,726.48
data/instance_small,parallel,4,6789,149,0.39803,3766.28,0.271717,2212.53,1,112.109,42,988.34,755.08
data/instance_small,parallel,4,7654,130,0.398401,3668.92,0.276234,2244.24,1,102.082,40,902.45,801.52
data/instance_small,parallel,4,8192,149,0.398401,3668.92,0.262688,2134.58,1,113.238,38,982.24,751.96
data/instance_small,parallel,4,9001,114,0.39803,3766.28,0.267298,2170.28,1,85.1127,40,956.32,799.96
data/instance_small,parallel,4,9999,144,0.398401,3668.92,0.262794,2133.82,1,106.664,40,912.82,799.3
data/instance_small,parallel,8,42,114,0.39803,3766.28,0.266793,2167.81,1,50.1651,38,951.28,803.57
data/instance_small,parallel,8,123,135,0.398401,3668.92,0.297582,2415.43,1,61.5779,41,971.72,791.47
data/instance_small,parallel,8,256,107,0.39803,3766.28,0.258639,2103.42,1,49.1124,38,1001,788.89
data/instance_small,parallel,8,512,133,0.39803,3766.28,0.262966,2140.07,1,59.4131,40,932.98,746.93
data/instance_small,parallel,8,999,139,0.398401,3668.92,0.272522,2215.81,1,61.6644,41,1015.86,711.83
data/instance_small,parallel,8,1337,136,0.39803,3766.28,0.258474,2098.85,1,60.4607,38,988.85,723.38
data/instance_small,parallel,8,2048,122,0.39803,3766.28,0.269866,2191.07,1,53.2315,40,977.1,721.09
data/instance_small,parallel,8,3141,129,0.39803,3766.28,0.267244,2169.84,1,57.5915,40,909.48,758.1
data/instance_small,parallel,8,4096,123,0.398401,3668.92,0.251701,2050.5,1,53.964,39,1017.09,711.12
data/instance_small,parallel,8,5000,139,0.398401,3668.92,0.261076,2118.29,1,61.8916,40,896.35,777.87
data/instance_small,parallel,8,6789,195,0.398401,3668.92,0.272884,2213.88,1,91.5046,39,978.71,789.58
data/instance_small,parallel,8,7654,143,0.39803,3766.28,0.265319,2155.88,1,63.7818,39,835.59,798.28
data/instance_small,parallel,8,8192,144,0.39803,3766.28,0.258862,2103.61,1,62.9354,38,1008.04,739.53
data/instance_small,parallel,8,9001,153,0.398401,3668.92,0.27122,2205.27,1,68.419,41,927.71,800.6
data/instance_small,parallel,8,9999,164,0.398401,3668.92,0.262794,2133.82,1,72.8332,40,912.82,799.3
data/instance_small,islands,1,42,200,0.39803,3766.28,0.276941,2246.72,1,538.879,38,997.53,763.81
data/instance_small,islands,1,123,200,0.398401,3668.92,0.270862,2197.51,1,530.903,38,989.66,762.67
data/instance_small,islands,1,256,200,0.398401,3668.92,0.252472,2043.79,1,532.299,38,954.37,744.88
data/instance_small,islands,1,512,200,0.398401,3668.92,0.269261,2187.79,1,534.201,37,961.28,711.07
data/instance_small,islands,1,999,200,0.39803,3766.28,0.255852,2077.62,1,529.931,40,950.04,732.94
data/instance_small,islands,1,1337,200,0.398401,3668.92,0.270171,2191.92,1,530.775,39,909.53,785.39
data/instance_small,islands,1,2048,200,0.398401,3668.92,0.254683,2066.54,1,531.079,40,1006.68,772.81
data/instance_small,islands,1,3141,200,0.398401,3668.92,0.2581,2097.44,1,530.667,40,1009.54,782.25
data/instance_small,islands,1,4096,200,0.398401,3668.92,0.26037,2114.2,1,531.022,39,958.61,767.53
data/instance_small,islands,1,5000,200,0.398401,3668.92,0.277734,2253.14,1,532.102,41,949.18,741
data/instance_small,islands,1,6789,200,0.398401,3668.92,0.268008,2172.79,1,531.901,38,960.12,775.17
data/instance_small,islands,1,7654,200,0.39803,3766.28,0.265319,2155.88,1,532.574,39,835.59,798.28
data/instance_small,islands,1,8192,200,0.398401,3668.92,0.274774,2234.04,1,531.446,41,1007.83,780.38
data/instance_small,islands,1,9001,200,0.398401,3668.92,0.334776,2721.38,1,532.101,44,1010.19,804.26
data/instance_small,islands,1,9999,200,0.398401,3668.92,0.266547,2165.82,1,532.348,40,997.85,770.79
data/instance_small,islands,2,42,200,0.39803,3766.28,0.276941,2246.72,1,559.679,38,997.53,763.81
data/instance_small,islands,2,123,200,0.398401,3668.92,0.283726,2303.27,1,583.713,40,1004.95,747.71
data/instance_small,islands,2,256,200,0.398401,3668.92,0.278191,2261.7,1,552.831,42,998.05,794.82
data/instance_small,islands,2,512,200,0.398401,3668.92,0.269261,2187.79,1,548.866,37,961.28,711.07
data/instance_small,islands,2,999,200,0.398401,3668.92,0.283356,2301.89,1,551.845,37,976.14,728.48
data/instance_small,islands,2,1337,200,0.398401,3668.92,0.270171,2191.92,1,549.336,39,909.53,785.39
data/instance_small,islands,2,2048,200,0.398401,3668.92,0.262616,2132.38,1,551.217,41,1024.69,778.1
data/instance_small,islands,2,3141,200,0.398401,3668.92,0.266132,2160.84,1,550.114,38,891.03,779.89
data/instance_small,islands,2,4096,200,0.398401,3668.92,0.268936,2181.92,1,549.268,41,1019.67,735.94
data/instance_small,islands,2,5000,200,0.39803,3766.28,0.284245,2305.85,1,562.315,41,1011.94,697.31
data/instance_small,islands,2,6789,200,0.398401,3668.92,0.268719,2183.4,1,551.378,39,1016.57,805.1
data/instance_small,islands,2,7654,200,0.398401,3668.92,0.308368,2505.98,1,552.58,44,1007.69,792.74
data/instance_small,islands,2,8192,200,0.398401,3668.92,0.274774,2234.04,1,554.394,41,1007.83,780.38
data/instance_small,islands,2,9001,200,0.398401,3668.92,0.334776,2721.38,1,552.32,44,1010.19,804.26
data/instance_small,islands,2,9999,200,0.398401,3668.92,0.266547,2165.82,1,555.004,40,997.85,770.79
data/instance_small,islands,4,42,200,0.398401,3668.92,0.276941,2246.72,1,604.768,38,997.53,763.81
data/instance_small,islands,4,123,200,0.398401,3668.92,0.284791,2311.89,1,596.827,41,976.69,802.47
data/instance_small,islands,4,256,200,0.398401,3668.92,0.278191,2261.7,1,596.645,42,998.05,794.82
data/instance_small,islands,4,512,200,0.398401,3668.92,0.270071,2192.73,1,602.232,39,961.64,789.07
data/instance_small,islands,4,999,200,0.398401,3668.92,0.294494,2387.2,1,625.016,39,1014.19,790.79
data/instance_small,islands,4,1337,200,0.398401,3668.92,0.270171,2191.92,1,598.953,39,909.53,785.39
data/instance_small,islands,4,2048,200,0.398401,3668.92,0.262616,2132.38,1,599.719,41,1024.69,778.1
data/instance_small,islands,4,3141,200,0.398401,3668.92,0.277199,2250.43,1,599.534,41,992.37,777.76
data/instance_small,islands,4,4096,200,0.398401,3668.92,0.27904,2266.95,1,586.887,41,1017.3,783.26
data/instance_small,islands,4,5000,200,0.398401,3668.92,0.284245,2305.85,1,587.785,41,1011.94,697.31
data/instance_small,islands,4,6789,200,0.398401,3668.92,0.286616,2325.04,1,598.491,41,992.53,766.1
data/instance_small,islands,4,7654,200,0.398401,3668.92,0.308368,2505.98,1,598.161,44,1007.69,792.74
data/instance_small,islands,4,8192,200,0.398401,3668.92,0.274774,2234.04,1,597.098,41,1007.83,780.38
data/instance_small,islands,4,9001,200,0.398401,3668.92,0.334776,2721.38,1,601.181,44,1010.19,804.26
data/instance_small,islands,4,9999,200,0.398401,3668.92,0.273262,2215.32,1,589.565,40,1015.77,789.75
data/instance_small,islands,8,42,200,0.398401,3668.92,0.276941,2246.72,1,673.736,38,997.53,763.81
data/instance_small,islands,8,123,200,0.398401,3668.92,0.284791,2311.89,1,665.882,41,976.69,802.47
data/instance_small,islands,8,256,200,0.398401,3668.92,0.279425,2266.83,1,666.294,38,926.51,754.94
data/instance_small,islands,8,512,200,0.398401,3668.92,0.27264,2216.76,1,676.049,42,952.17,786.86
data/instance_small,islands,8,999,200,0.398401,3668.92,0.294494,2387.2,1,671.878,39,1014.19,790.79
data/instance_small,islands,8,1337,200,0.398401,3668.92,0.276979,2248.65,1,672.032,42,994.38,727.66
data/instance_small,islands,8,2048,200,0.398401,3668.92,0.298993,2431.71,1,675.577,45,997.04,801.32
data/instance_small,islands,8,3141,200,0.398401,3668.92,0.287027,2331.61,1,680.099,40,975.69,734.78
data/instance_small,islands,8,4096,200,0.398401,3668.92,0.280692,2281.94,1,681.262,42,1025.55,757.44
data/instance_small,islands,8,5000,200,0.398401,3668.92,0.288546,2343.9,1,665.093,40,995.41,797.17
data/instance_small,islands,8,6789,200,0.398401,3668.92,0.286616,2325.04,1,666.974,41,992.53,766.1
data/instance_small,islands,8,7654,200,0.398401,3668.92,0.308368,2505.98,1,689.422,44,1007.69,792.74
data/instance_small,islands,8,8192,200,0.398401,3668.92,0.280503,2275.56,1,664.622,39,1013.27,738.97
data/instance_small,islands,8,9001,200,0.398401,3668.92,0.334776,2721.38,1,691.37,44,1010.19,804.26
data/instance_small,islands,8,9999,200,0.398401,3668.92,0.304527,2471.65,1,670.411,43,950.13,779.64
data/instance_medium,sequential,1,42,200,0.329039,34543.7,0.254379,21897.1,1,4664.18,401,10597.5,8172.79
data/instance_medium,sequential,1,123,200,0.32905,34088,0.251467,21662.2,1,4657.68,407,10598.7,8245.96
data/instance_medium,sequential,1,256,200,0.325821,35076.5,0.251232,21643.7,1,4675.55,405,10526.6,8225.64
data/instance_medium,sequential,1,512,200,0.325223,34053,0.25568,22012.5,1,4620.95,400,10417.8,8249.58
data/instance_medium,sequential,1,999,200,0.328826,34288,0.251006,21605.4,1,4669.34,403,10593.6,8168.08
data/instance_medium,sequential,1,1337,200,0.3288,35216.5,0.249438,21479.1,1,4672.03,409,10545.4,8236.78
data/instance_medium,sequential,1,2048,200,0.326081,33327.8,0.249932,21525.1,1,4638.52,408,10502.8,8233.91
data/instance_medium,sequential,1,3141,200,0.330282,34094.7,0.249924,21520.9,1,4665.29,401,10603.8,8164.26
data/instance_medium,sequential,1,4096,200,0.328882,34362.1,0.251962,21680.7,1,4671.72,395,10591.4,7910.58
data/instance_medium,sequential,1,5000,200,0.328846,34054,0.252224,21718.7,1,4658.11,400,10322.3,8243.16
data/instance_medium,sequential,1,6789,200,0.328826,34740.4,0.249858,21508.4,1,4667.92,404,10588.3,8148.12
data/instance_medium,sequential,1,7654,200,0.325567,34195.8,0.255816,22025.9,1,4661.2,403,10437,8222.53
data/instance_medium,sequential,1,8192,200,0.3268,32983.1,0.251229,21631.4,1,4681.57,405,10331.4,8248.27
data/instance_medium,sequential,1,9001,200,0.327645,33299.5,0.250472,21566.4,1,4653.57,402,10295.2,8239.63
data/instance_medium,sequential,1,9999,200,0.327898,34762.5,0.252442,21747.8,1,4653.91,413,10447.3,8238.33
data/instance_medium,parallel,1,42,200,0.328313,33690.7,0.254379,21897.1,1,4647.37,401,10597.5,8172.79
data/instance_medium,parallel,1,123,200,0.324492,34070.5,0.251467,21662.2,1,4642.62,407,10598.7,8245.96
data/instance_medium,parallel,1,256,200,0.328759,33942.6,0.251232,21643.7,1,4631.22,405,10526.6,8225.64
data/instance_medium,parallel,1,512,200,0.330452,34207.8,0.25568,22012.5,1,4620.41,400,10417.8,8249.58
data/instance_medium,parallel,1,999,200,0.327037,34306.8,0.251006,21605.4,1,4662.39,403,10593.6,8168.08
data/instance_medium,parallel,1,1337,200,0.329502,34788.7,0.249529,21473.2,1,4651.35,398,10145.3,8241.23
data/instance_medium,parallel,1,2048,200,0.324703,34229.5,0.249932,21525.1,1,4639.42,408,10502.8,8233.91
data/instance_medium,parallel,1,3141,200,0.326616,33406.7,0.249924,21520.9,1,4659.24,401,10603.8,8164.26
data/instance_medium,parallel,1,4096,200,0.324785,35161.5,0.251962,21680.7,1,4661.91,395,10591.4,7910.58
data/instance_medium,parallel,1,5000,200,0.32638,33639,0.252224,21718.7,1,4627.49,400,10322.3,8243.16
data/instance_medium,parallel,1,6789,200,0.325502,32468.6,0.249858,21508.4,1,4623.13,404,10588.3,8148.12
data/instance_medium,parallel,1,7654,200,0.327955,34496.2,0.255816,22025.9,1,4645.87,403,10437,8222.53
data/instance_medium,parallel,1,8192,200,0.326552,33620,0.251229,21631.4,1,4617.76,405,10331.4,8248.27
data/instance_medium,parallel,1,9001,200,0.327689,35134.8,0.250472,21566.4,1,4645.5,402,10295.2,8239.63
data/instance_medium,parallel,1,9999,200,0.328366,34094.8,0.252442,21747.8,1,4656.55,413,10447.3,8238.33
data/instance_medium,parallel,2,42,200,0.326776,33498.4,0.254379,21897.1,1,2370.71,401,10597.5,8172.79
data/instance_medium,parallel,2,123,200,0.324673,34634.9,0.251467,21662.2,1,2372.22,407,10598.7,8245.96
data/instance_medium,parallel,2,256,200,0.325907,33956.5,0.251232,21643.7,1,2364.32,405,10526.6,8225.64
data/instance_medium,parallel,2,512,200,0.328291,34506.4,0.25568,22012.5,1,2391.41,400,10417.8,8249.58
data/instance_medium,parallel,2,999,200,0.329277,34732.1,0.251006,21605.4,1,2383.86,403,10593.6,8168.08
data/instance_medium,parallel,2,1337,200,0.324432,33722.6,0.249438,21479.1,1,2381.84,409,10545.4,8236.78
data/instance_medium,parallel,2,2048,200,0.326092,35541.1,0.249932,21525.1,1,2388.21,408,10502.8,8233.91
data/instance_medium,parallel,2,3141,200,0.323194,32918.4,0.249924,21520.9,1,2366.19,401,10603.8,8164.26
data/instance_medium,parallel,2,4096,200,0.328532,35014.8,0.251962,21680.7,1,2503.63,395,10591.4,7910.58
data/instance_medium,parallel,2,5000,200,0.324639,33141,0.252224,21718.7,1,2371.42,400,10322.3,8243.16
data/instance_medium,parallel,2,6789,200,0.32649,35005.1,0.249858,21508.4,1,2383.55,404,10588.3,8148.12
data/instance_medium,parallel,2,7654,200,0.327871,35119.1,0.255816,22025.9,1,2388.75,403,10437,8222.53
data/instance_medium,parallel,2,8192,200,0.329038,33089.7,0.251229,21631.4,1,2368.35,405,10331.4,8248.27
data/instance_medium,parallel,2,9001,200,0.324398,34235.6,0.250472,21566.4,1,2378.33,402,10295.2,8239.63
data/instance_medium,parallel,2,9999,200,0.329075,33591.9,0.252442,21747.8,1,2369.12,413,10447.3,8238.33
data/instance_medium,parallel,4,42,200,0.326247,33438.7,0.254379,21897.1,1,1255.24,401,10597.5,8172.79
data/instance_medium,parallel,4,123,200,0.330172,33642.4,0.251467,21662.2,1,1255.88,407,10598.7,8245.96
data/instance_medium,parallel,4,256,200,0.327562,33456.1,0.251232,21643.7,1,1297.86,405,10526.6,8225.64
data/instance_medium,parallel,4,512,200,0.326853,34085.5,0.25568,22012.5,1,1267.13,400,10417.8,8249.58
data/instance_medium,parallel,4,999,200,0.326937,33801.3,0.251006,21605.4,1,1231.16,403,10593.6,8168.08
data/instance_medium,parallel,4,1337,200,0.326747,34257.7,0.249438,21479.1,1,1257.09,409,10545.4,8236.78
data/instance_medium,parallel,4,2048,200,0.322227,33396.4,0.249932,21525.1,1,1240.01,408,10502.8,8233.91
data/instance_medium,parallel,4,3141,200,0.328925,33240.1,0.249924,21520.9,1,1264.15,401,10603.8,8164.26
data/instance_medium,parallel,4,4096,200,0.325678,34056.1,0.251962,21680.7,1,1263.5,395,10591.4,7910.58
data/instance_medium,parallel,4,5000,200,0.32801,35388.1,0.252224,21718.7,1,1342.15,400,10322.3,8243.16
data/instance_medium,parallel,4,6789,200,0.327695,33548,0.249858,21508.4,1,1233.92,404,10588.3,8148.12
data/instance_medium,parallel,4,7654,200,0.329508,34722.5,0.255816,22025.9,1,1264.56,403,10437,8222.53
data/instance_medium,parallel,4,8192,200,0.326257,32566,0.251229,21631.4,1,1227.58,405,10331.4,8248.27
data/instance_medium,parallel,4,9001,200,0.327996,35290.4,0.250472,21566.4,1,1267.23,402,10295.2,8239.63
data/instance_medium,parallel,4,9999,200,0.327125,33924.1,0.252442,21747.8,1,1236.16,413,10447.3,8238.33
data/instance_medium,parallel,8,42,200,0.326124,34640.6,0.254379,21897.1,1,729.841,401,10597.5,8172.79
data/instance_medium,parallel,8,123,200,0.326806,32758.7,0.251467,21662.2,1,697.013,407,10598.7,8245.96
data/instance_medium,parallel,8,256,200,0.325147,33185.9,0.251232,21643.7,1,713.159,405,10526.6,8225.64
data/instance_medium,parallel,8,512,200,0.325386,33807.5,0.25568,22012.5,1,693.523,400,10417.8,8249.58
data/instance_medium,parallel,8,999,200,0.323708,34097.8,0.251006,21605.4,1,713.905,403,10593.6,8168.08
data/instance_medium,parallel,8,1337,200,0.32499,33739.4,0.249438,21479.1,1,704.606,409,10545.4,8236.78
data/instance_medium,parallel,8,2048,200,0.328333,33977.1,0.249932,21525.1,1,729.467,408,10502.8,8233.91
data/instance_medium,parallel,8,3141,200,0.324784,33426.7,0.249924,21520.9,1,720.741,401,10603.8,8164.26
data/instance_medium,parallel,8,4096,200,0.328883,32927.6,0.251962,21680.7,1,705.822,395,10591.4,7910.58
data/instance_medium,parallel,8,5000,200,0.328854,34706.1,0.252224,21718.7,1,713.001,400,10322.3,8243.16
data/instance_medium,parallel,8,6789,200,0.326398,34081,0.249858,21508.4,1,706.421,404,10588.3,8148.12
data/instance_medium,parallel,8,7654,200,0.325189,33970.1,0.255816,22025.9,1,716.031,403,10437,8222.53
data/instance_medium,parallel,8,8192,200,0.328821,33397.2,0.251229,21631.4,1,712.919,405,10331.4,8248.27
data/instance_medium,parallel,8,9001,200,0.327236,33659.3,0.250472,21566.4,1,717.488,402,10295.2,8239.63
data/instance_medium,parallel,8,9999,200,0.322634,33730.8,0.252442,21747.8,1,698.788,413,10447.3,8238.33
data/instance_medium,islands,1,42,200,0.324165,34260.4,0.254379,21897.1,1,4746.9,401,10597.5,8172.79
data/instance_medium,islands,1,123,200,0.326608,34104.1,0.251467,21662.2,1,4759.28,407,10598.7,8245.96
data/instance_medium,islands,1,256,200,0.323977,36134.2,0.251232,21643.7,1,4797.73,405,10526.6,8225.64
data/instance_medium,islands,1,512,200,0.324566,32960.4,0.25568,22012.5,1,4726.83,400,10417.8,8249.58
data/instance_medium,islands,1,999,200,0.327695,34624.1,0.251006,21605.4,1,4761.15,403,10593.6,8168.08
data/instance_medium,islands,1,1337,200,0.329595,34047,0.249438,21479.1,1,4743.83,409,10545.4,8236.78
data/instance_medium,islands,1,2048,200,0.328636,34415.7,0.249932,21525.1,1,4756.03,408,10502.8,8233.91
data/instance_medium,islands,1,3141,200,0.324948,32252.2,0.249924,21520.9,1,4712.14,401,10603.8,8164.26
data/instance_medium,islands,1,4096,200,0.325812,33322.6,0.251962,21680.7,1,4739.3,395,10591.4,7910.58
data/instance_medium,islands,1,5000,200,0.324572,34110.9,0.252224,21718.7,1,4752.82,400,10322.3,8243.16
data/instance_medium,islands,1,6789,200,0.329324,34459.8,0.249858,21508.4,1,4755.75,404,10588.3,8148.12
data/instance_medium,islands,1,7654,200,0.324505,33546.3,0.255816,22025.9,1,4718.21,403,10437,8222.53
data/instance_medium,islands,1,8192,200,0.33451,35583.4,0.251229,21631.4,1,4760.56,405,10331.4,8248.27
data/instance_medium,islands,1,9001,200,0.327547,35232.7,0.250472,21566.4,1,4777.23,402,10295.2,8239.63
data/instance_medium,islands,1,9999,200,0.326576,33908.7,0.252442,21747.8,1,4728.82,413,10447.3,8238.33
data/instance_medium,islands,2,42,200,0.330678,34037.4,0.254379,21897.1,1,4902.39,401,10597.5,8172.79
data/instance_medium,islands,2,123,200,0.328938,34641.5,0.253368,21825.7,1,4906.66,413,10604.8,8034.7
data/instance_medium,islands,2,256,200,0.332319,33760.3,0.259346,22336.3,1,4914.29,410,10529.2,8227.73
data/instance_medium,islands,2,512,200,0.334128,34948.8,0.25568,22012.5,1,4894.67,400,10417.8,8249.58
data/instance_medium,islands,2,999,200,0.329836,33370.7,0.251061,21606.6,1,4883.95,402,10587.8,8189.07
data/instance_medium,islands,2,1337,200,0.330329,34379.6,0.249924,21522.6,1,4917.03,411,10553.1,8248.5
data/instance_medium,islands,2,2048,200,0.329384,33890.8,0.249932,21525.1,1,4907.44,408,10502.8,8233.91
data/instance_medium,islands,2,3141,200,0.332414,32979.5,0.249932,21507.9,1,4867.74,401,10222.9,8239.18
data/instance_medium,islands,2,4096,200,0.33127,34370.1,0.252065,21701.6,1,4894.66,406,10572.4,8244.68
data/instance_medium,islands,2,5000,200,0.333498,34863,0.252224,21718.7,1,4919.35,400,10322.3,8243.16
data/instance_medium,islands,2,6789,200,0.331343,33850.3,0.257206,22166,1,4910.47,417,10595.4,8215.26
data/instance_medium,islands,2,7654,200,0.331432,35107.7,0.255816,22025.9,1,4895.37,403,10437,8222.53
data/instance_medium,islands,2,8192,200,0.330977,34331,0.252152,21707.4,1,4883.42,402,10572.8,8136.25
data/instance_medium,islands,2,9001,200,0.330237,35356,0.253772,21850.1,1,5014.83,404,10591.1,8238.74
data/instance_medium,islands,2,9999,200,0.330858,34431.3,0.252442,21747.8,1,4935.63,413,10447.3,8238.33
data/instance_medium,islands,4,42,200,0.331967,34449.5,0.254379,21897.1,1,5193.92,401,10597.5,8172.79
data/instance_medium,islands,4,123,200,0.331796,34516,0.253368,21825.7,1,5433.53,413,10604.8,8034.7
data/instance_medium,islands,4,256,200,0.333592,34104.3,0.259346,22336.3,1,5201.71,410,10529.2,8227.73
data/instance_medium,islands,4,512,200,0.334918,35628.5,0.25568,22012.5,1,5222.63,400,10417.8,8249.58
data/instance_medium,islands,4,999,200,0.332925,35117.4,0.25934,22337.5,1,5219.48,410,10594.5,8223.27
data/instance_medium,islands,4,1337,200,0.333172,35718.4,0.250789,21576.4,1,5358.27,400,10474.6,8253.43
data/instance_medium,islands,4,2048,200,0.331178,34631.6,0.252431,21729.6,1,5519.67,405,10597.7,8123.23
data/instance_medium,islands,4,3141,200,0.332469,33352.2,0.252756,21769.6,1,5174.01,398,10283.9,8244.7
data/instance_medium,islands,4,4096,200,0.332274,34876.5,0.252065,21701.6,1,5450.12,406,10572.4,8244.68
data/instance_medium,islands,4,5000,200,0.331528,33855.1,0.256493,22096.1,1,5190.26,416,10475.1,8241.88
data/instance_medium,islands,4,6789,200,0.330265,34046.1,0.257206,22166,1,5235.51,417,10595.4,8215.26
data/instance_medium,islands,4,7654,200,0.332644,35378.2,0.258354,22249.2,1,5229.51,414,10595.1,8242.16
data/instance_medium,islands,4,8192,200,0.334175,34312.9,0.253968,21865.2,1,5504.55,411,10596.5,8244.49
data/instance_medium,islands,4,9001,200,0.332591,34914.6,0.253772,21850.1,1,5608.47,404,10591.1,8238.74
data/instance_medium,islands,4,9999,200,0.334794,34745.8,0.252442,21747.8,1,6710.77,413,10447.3,8238.33
data/instance_medium,islands,8,42,200,0.33119,34508.9,0.254379,21897.1,1,8566.86,401,10597.5,8172.79
data/instance_medium,islands,8,123,200,0.332128,34320.9,0.255347,21989,1,7374.74,411,10486.7,8236.15
data/instance_medium,islands,8,256,200,0.335741,35049.8,0.259346,22336.3,1,6151,410,10529.2,8227.73
data/instance_medium,islands,8,512,200,0.331084,34717.7,0.25568,22012.5,1,6542.28,400,10417.8,8249.58
data/instance_medium,islands,8,999,200,0.334552,34156.2,0.25934,22337.5,1,6074.91,410,10594.5,8223.27
data/instance_medium,islands,8,1337,200,0.332924,34609.6,0.255689,22002.9,1,6027.95,400,10553.8,8238.67
data/instance_medium,islands,8,2048,200,0.334517,34039.4,0.256823,22126.2,1,6215.58,409,10565.8,8116.14
data/instance_medium,islands,8,3141,200,0.33444,35836.9,0.254445,21911.4,1,6139.16,411,10604,8152.66
data/instance_medium,islands,8,4096,200,0.334426,34973.2,0.257054,22137.5,1,6089.36,408,10539.8,8244.44
data/instance_medium,islands,8,5000,200,0.333386,34618.4,0.256493,22096.1,1,5812.52,416,10475.1,8241.88
data/instance_medium,islands,8,6789,200,0.332813,34380.9,0.257206,22166,1,5801.27,417,10595.4,8215.26
data/instance_medium,islands,8,7654,200,0.333467,35391.5,0.258354,22249.2,1,5877.68,414,10595.1,8242.16
data/instance_medium,islands,8,8192,200,0.331457,34732.9,0.254009,21873.9,1,6017.85,403,10604.2,8095.54
data/instance_medium,islands,8,9001,200,0.335057,34376.6,0.253772,21850.1,1,5928.9,404,10591.1,8238.74
data/instance_medium,islands,8,9999,200,0.334302,34075.8,0.254396,21898.6,1,5821.17,409,10456.9,8241.78
data/instance_large,sequential,1,42,200,0.265879,284024,0.244873,213248,1,52205.9,4025,102741,81456.9
data/instance_large,sequential,1,123,200,0.263942,279969,0.244085,212570,1,52193.7,4024,101970,81720.8
data/instance_large,sequential,1,256,200,0.264539,278162,0.243618,212170,1,52141.4,4039,102202,81730.9
data/instance_large,sequential,1,512,200,0.265248,280135,0.243801,212323,1,52213.7,4016,102624,81745.9
data/instance_large,sequential,1,999,200,0.266002,281675,0.243662,212174,1,52127,3980,101641,81738.5
data/instance_large,sequential,1,1337,200,0.265044,282738,0.24448,212867,1,52124.3,4002,102673,81724.1
data/instance_large,sequential,1,2048,200,0.263321,277925,0.243307,211876,1,52117,4022,102278,81744
data/instance_large,sequential,1,3141,200,0.265505,281222,0.24337,211946,1,52165.2,4007,102722,81624.3
data/instance_large,sequential,1,4096,200,0.264572,281921,0.243522,212113,1,52153.1,4027,102351,81708.5
data/instance_large,sequential,1,5000,200,0.266317,279457,0.244984,213321,1,52308.3,4026,102747,81137.2
data/instance_large,sequential,1,6789,200,0.265787,284006,0.245036,213381,1,52323.8,4007,102736,81665
data/instance_large,sequential,1,7654,200,0.263761,275881,0.243502,212054,1,52229.2,4006,101882,81712.6
data/instance_large,sequential,1,8192,200,0.264902,281132,0.243196,211842,1,52249.6,4026,102742,81667.6
data/instance_large,sequential,1,9001,200,0.26444,279068,0.243316,211990,1,52300.8,4035,102736,81415
data/instance_large,sequential,1,9999,200,0.263808,273772,0.245582,213892,1,52058.5,4036,102721,81679
data/instance_large,parallel,1,42,200,0.265322,279242,0.244873,213248,1,52138.1,4025,102741,81456.9
data/instance_large,parallel,1,123,200,0.264645,278938,0.244085,212570,1,52144.3,4024,101970,81720.8
data/instance_large,parallel,1,256,200,0.265192,279497,0.243618,212170,1,52097.5,4039,102202,81730.9
data/instance_large,parallel,1,512,200,0.265542,283523,0.243801,212323,1,52193.2,4016,102624,81745.9
data/instance_large,parallel,1,999,200,0.265038,281432,0.243662,212174,1,52141.1,3980,101641,81738.5
data/instance_large,parallel,1,1337,200,0.265269,282398,0.24448,212867,1,52199,4002,102673,81724.1
data/instance_large,parallel,1,2048,200,0.263965,281524,0.243307,211876,1,52143.1,4022,102278,81744
data/instance_large,parallel,1,3141,200,0.265645,275585,0.24337,211946,1,52049.3,4007,102722,81624.3
data/instance_large,parallel,1,4096,200,0.265463,276063,0.243522,212113,1,52078,4027,102351,81708.5
data/instance_large,parallel,1,5000,200,0.264497,279241,0.244984,213321,1,52166.6,4026,102747,81137.2
data/instance_large,parallel,1,6789,200,0.266024,280053,0.245036,213381,1,52168.9,4007,102736,81665
data/instance_large,parallel,1,7654,200,0.267098,281692,0.243502,212054,1,52122.7,4006,101882,81712.6
data/instance_large,parallel,1,8192,200,0.265278,277359,0.243196,211842,1,52343.2,4026,102742,81667.6
data/instance_large,parallel,1,9001,200,0.264086,279766,0.243316,211990,1,52281.7,4035,102736,81415
data/instance_large,parallel,1,9999,200,0.263723,276205,0.245582,213892,1,52105.7,4036,102721,81679
data/instance_large,parallel,2,42,200,0.265969,278538,0.244873,213248,1,30140,4025,102741,81456.9
data/instance_large,parallel,2,123,200,0.26587,273708,0.244085,212570,1,30138.7,4024,101970,81720.8
data/instance_large,parallel,2,256,200,0.263278,280911,0.243618,212170,1,30249.4,4039,102202,81730.9
data/instance_large,parallel,2,512,200,0.264587,274150,0.243801,212323,1,30194.5,4016,102624,81745.9
data/instance_large,parallel,2,999,200,0.264933,276313,0.243662,212174,1,31364.8,3980,101641,81738.5
data/instance_large,parallel,2,1337,200,0.263886,274396,0.24448,212867,1,30120.1,4002,102673,81724.1
data/instance_large,parallel,2,2048,200,0.266294,275375,0.243307,211876,1,31424.1,4022,102278,81744
data/instance_large,parallel,2,3141,200,0.266273,285921,0.24337,211946,1,30170.4,4007,102722,81624.3
data/instance_large,parallel,2,4096,200,0.266619,281561,0.243522,212113,1,30176.9,4027,102351,81708.5
data/instance_large,parallel,2,5000,200,0.265702,280037,0.244984,213321,1,30236.8,4026,102747,81137.2
data/instance_large,parallel,2,6789,200,0.263875,278564,0.245036,213381,1,30137.5,4007,102736,81665
data/instance_large,parallel,2,7654,200,0.266679,282111,0.243502,212054,1,30112.1,4006,101882,81712.6
data/instance_large,parallel,2,8192,200,0.265033,286783,0.243196,211842,1,30269.9,4026,102742,81667.6
data/instance_large,parallel,2,9001,200,0.263073,281068,0.243316,211990,1,30259.2,4035,102736,81415
data/instance_large,parallel,2,9999,200,0.266009,275782,0.245582,213892,1,30135.2,4036,102721,81679
data/instance_large,parallel,4,42,200,0.264989,278972,0.244873,213248,1,19301.3,4025,102741,81456.9
data/instance_large,parallel,4,123,200,0.263975,280895,0.244085,212570,1,19148.4,4024,101970,81720.8
data/instance_large,parallel,4,256,200,0.262678,280607,0.243618,212170,1,19274,4039,102202,81730.9
data/instance_large,parallel,4,512,200,0.265958,281624,0.243801,212323,1,19310.5,4016,102624,81745.9
data/instance_large,parallel,4,999,200,0.265436,281164,0.243662,212174,1,19170,3980,101641,81738.5
data/instance_large,parallel,4,1337,200,0.264976,284681,0.24448,212867,1,19183.6,4002,102673,81724.1
data/instance_large,parallel,4,2048,200,0.263212,276779,0.243307,211876,1,19928.5,4022,102278,81744
data/instance_large,parallel,4,3141,200,0.264559,278738,0.24337,211946,1,19110.8,4007,102722,81624.3
data/instance_large,parallel,4,4096,200,0.265919,284877,0.243522,212113,1,19231.5,4027,102351,81708.5
data/instance_large,parallel,4,5000,200,0.26394,276486,0.244984,213321,1,19397.4,4026,102747,81137.2
data/instance_large,parallel,4,6789,200,0.264643,278904,0.245036,213381,1,19357.8,4007,102736,81665
data/instance_large,parallel,4,7654,200,0.264172,280608,0.243502,212054,1,19105.7,4006,101882,81712.6
data/instance_large,parallel,4,8192,200,0.26431,281723,0.243196,211842,1,19344.3,4026,102742,81667.6
data/instance_large,parallel,4,9001,200,0.265963,278382,0.243316,211990,1,19405,4035,102736,81415
data/instance_large,parallel,4,9999,200,0.263715,278139,0.245582,213892,1,19141.9,4036,102721,81679
data/instance_large,parallel,8,42,200,0.264694,280431,0.244873,213248,1,13766.6,4025,102741,81456.9
data/instance_large,parallel,8,123,200,0.264884,282937,0.244085,212570,1,13756.8,4024,101970,81720.8
data/instance_large,parallel,8,256,200,0.264366,277781,0.243618,212170,1,13833.3,4039,102202,81730.9
data/instance_large,parallel,8,512,200,0.265565,281491,0.243801,212323,1,13833.6,4016,102624,81745.9
data/instance_large,parallel,8,999,200,0.264959,279061,0.243662,212174,1,13817.8,3980,101641,81738.5
data/instance_large,parallel,8,1337,200,0.26686,280451,0.24448,212867,1,13735,4002,102673,81724.1
data/instance_large,parallel,8,2048,200,0.26324,275986,0.243307,211876,1,14260.8,4022,102278,81744
data/instance_large,parallel,8,3141,200,0.264372,281391,0.24337,211946,1,13778.8,4007,102722,81624.3
data/instance_large,parallel,8,4096,200,0.2637,277926,0.243522,212113,1,13718.5,4027,102351,81708.5
data/instance_large,parallel,8,5000,200,0.263802,280308,0.244984,213321,1,13812.3,4026,102747,81137.2
data/instance_large,parallel,8,6789,200,0.264811,282232,0.245036,213381,1,13783.1,4007,102736,81665
data/instance_large,parallel,8,7654,200,0.264722,276052,0.243502,212054,1,13764.9,4006,101882,81712.6
data/instance_large,parallel,8,8192,200,0.264147,282618,0.243196,211842,1,13996.4,4026,102742,81667.6
data/instance_large,parallel,8,9001,200,0.264043,282483,0.243316,211990,1,13960.2,4035,102736,81415
data/instance_large,parallel,8,9999,200,0.265234,283601,0.245582,213892,1,13779.5,4036,102721,81679
data/instance_large,islands,1,42,200,0.265023,279577,0.244873,213248,1,53285,4025,102741,81456.9
data/instance_large,islands,1,123,200,0.26557,280172,0.244085,212570,1,53151.6,4024,101970,81720.8
data/instance_large,islands,1,256,200,0.265664,283711,0.243618,212170,1,55645.4,4039,102202,81730.9
data/instance_large,islands,1,512,200,0.264439,275132,0.243801,212323,1,55672.9,4016,102624,81745.9
data/instance_large,islands,1,999,200,0.263587,280921,0.243662,212174,1,53242.4,3980,101641,81738.5
data/instance_large,islands,1,1337,200,0.264137,278708,0.24448,212867,1,53188.5,4002,102673,81724.1
data/instance_large,islands,1,2048,200,0.263565,282062,0.243307,211876,1,53317.6,4022,102278,81744
data/instance_large,islands,1,3141,200,0.263957,278646,0.24337,211946,1,53037.5,4007,102722,81624.3
data/instance_large,islands,1,4096,200,0.264577,279537,0.243522,212113,1,53168.5,4027,102351,81708.5
data/instance_large,islands,1,5000,200,0.264546,275893,0.244984,213321,1,53382.4,4026,102747,81137.2
data/instance_large,islands,1,6789,200,0.264679,276294,0.245036,213381,1,55706.3,4007,102736,81665
data/instance_large,islands,1,7654,200,0.262719,277293,0.243502,212054,1,55538.3,4006,101882,81712.6
data/instance_large,islands,1,8192,200,0.265194,280190,0.243196,211842,1,53357,4026,102742,81667.6
data/instance_large,islands,1,9001,200,0.264446,283332,0.243316,211990,1,53277.4,4035,102736,81415
data/instance_large,islands,1,9999,200,0.263129,272942,0.245582,213892,1,52977.9,4036,102721,81679
data/instance_large,islands,2,42,200,0.267257,281511,0.244873,213248,1,54435.8,4025,102741,81456.9
data/instance_large,islands,2,123,200,0.266011,280754,0.244085,212570,1,54417.9,4024,101970,81720.8
data/instance_large,islands,2,256,200,0.265926,276935,0.243618,212170,1,54329.7,4039,102202,81730.9
data/instance_large,islands,2,512,200,0.266959,283473,0.246409,214666,1,54543.5,4027,102538,81746
data/instance_large,islands,2,999,200,0.265309,282348,0.243662,212174,1,54369.2,3980,101641,81738.5
data/instance_large,islands,2,1337,200,0.268273,280697,0.24457,212970,1,54214.2,4026,102726,81395.2
data/instance_large,islands,2,2048,200,0.265669,273377,0.245246,213630,1,54198.3,4020,102698,81741.6
data/instance_large,islands,2,3141,200,0.265552,282516,0.243667,212268,1,54460.2,4029,102602,81738.3
data/instance_large,islands,2,4096,200,0.266549,281194,0.243753,212306,1,54436.2,4005,102017,81719.5
data/instance_large,islands,2,5000,200,0.266615,280001,0.244984,213321,1,54532.7,4026,102747,81137.2
data/instance_large,islands,2,6789,200,0.266121,281401,0.245036,213381,1,54434,4007,102736,81665
data/instance_large,islands,2,7654,200,0.266608,280335,0.24415,212638,1,54376.4,4015,102746,81669.9
data/instance_large,islands,2,8192,200,0.265082,276250,0.243662,212160,1,54384.1,4001,101761,81709.5
data/instance_large,islands,2,9001,200,0.26693,283226,0.243488,212023,1,54483.3,4000,102744,81117.1
data/instance_large,islands,2,9999,200,0.267861,279600,0.245582,213892,1,54216.4,4036,102721,81679
data/instance_large,islands,4,42,200,0.267897,287055,0.24489,213304,1,59478.6,4016,102739,81653.6
data/instance_large,islands,4,123,200,0.268271,286529,0.244418,212853,1,57147.2,4018,102727,81739.9
data/instance_large,islands,4,256,200,0.267057,282647,0.244333,212786,1,57244.5,4013,102626,81719
data/instance_large,islands,4,512,200,0.266204,276090,0.246409,214666,1,57233.1,4027,102538,81746
data/instance_large,islands,4,999,200,0.266937,280824,0.246473,214651,1,57088.7,4039,101383,81738.3
data/instance_large,islands,4,1337,200,0.266094,287274,0.24457,212970,1,57199.9,4026,102726,81395.2
data/instance_large,islands,4,2048,200,0.267175,280836,0.245246,213630,1,57070.1,4020,102698,81741.6
data/instance_large,islands,4,3141,200,0.267612,281771,0.244966,213330,1,57319.2,4005,102395,81713.3
data/instance_large,islands,4,4096,200,0.266075,277547,0.245556,213861,1,56989.3,4030,102596,81734
data/instance_large,islands,4,5000,200,0.267005,280473,0.244984,213321,1,57155.9,4026,102747,81137.2
data/instance_large,islands,4,6789,200,0.265893,279053,0.245036,213381,1,56916.4,4007,102736,81665
data/instance_large,islands,4,7654,200,0.266028,281346,0.24415,212638,1,57166.1,4015,102746,81669.9
data/instance_large,islands,4,8192,200,0.267052,279145,0.24414,212646,1,57367,4027,102314,81744.6
data/instance_large,islands,4,9001,200,0.266019,284111,0.244065,212532,1,56997.9,4033,102457,81723.4
data/instance_large,islands,4,9999,200,0.265524,275740,0.245582,213892,1,57003.7,4036,102721,81679
data/instance_large,islands,8,42,200,0.267405,281166,0.24489,213304,1,65694.9,4016,102739,81653.6
data/instance_large,islands,8,123,200,0.266469,280886,0.244688,213091,1,63258.8,4017,101663,81745.3
data/instance_large,islands,8,256,200,0.267657,277918,0.244484,212904,1,63570.6,4009,102667,81731.5
data/instance_large,islands,8,512,200,0.26734,282078,0.246409,214666,1,63859.8,4027,102538,81746
data/instance_large,islands,8,999,200,0.266385,282154,0.246473,214651,1,63258.4,4039,101383,81738.3
data/instance_large,islands,8,1337,200,0.266818,282888,0.245866,214149,1,65401.1,4023,102734,81586.7
data/instance_large,islands,8,2048,200,0.266993,283321,0.24584,214131,1,63428.8,4051,102608,81734.7
data/instance_large,islands,8,3141,200,0.267263,277910,0.24529,213644,1,63383.3,4020,102722,81279.7
data/instance_large,islands,8,4096,200,0.267547,277685,0.245556,213861,1,63466.3,4030,102596,81734
data/instance_large,islands,8,5000,200,0.266409,280822,0.244984,213321,1,63582.8,4026,102747,81137.2
data/instance_large,islands,8,6789,200,0.266665,288114,0.245243,213585,1,63299,4032,102533,81724.8
data/instance_large,islands,8,7654,200,0.266226,283032,0.245227,213573,1,63095.9,4031,102509,81724.2
data/instance_large,islands,8,8192,200,0.265998,278455,0.246809,214968,1,63160.8,4017,102745,81456
data/instance_large,islands,8,9001,200,0.267349,280472,0.244995,213398,1,63389.7,4039,102737,81502.1
data/instance_large,islands,8,9999,200,0.268114,284419,0.245582,213892,1,63730,4036,102721,81679
