variant,instance,pop_size,n_items,seed,block_size,gen_exec,time_ms,kernel_time_ms,transfer_d2h_ms,transfer_h2d_ms,best_fitness,best_value,has_feasible,best_feasible_fitness,best_feasible_value
cuda_optimized,instance_small,1024,100,42,256,87,88.6739,11.3693,2.23824,0.011968,0.398401,3668.92,1,0.296964,2412.05
cuda_optimized,instance_small,1024,100,43,256,86,63.0172,11.2665,2.20006,0.012,0.398401,3668.92,1,0.291563,2366.71
cuda_optimized,instance_small,1024,100,44,256,87,70.7506,11.4819,2.31526,0.012064,0.39803,3766.28,1,0.293313,2384.11
cuda_optimized,instance_small,1024,100,45,256,87,70.3981,11.3458,2.25869,0.012256,0.398401,3668.92,1,0.284774,2314.99
cuda_optimized,instance_small,1024,100,46,256,89,71.65,11.6869,2.3095,0.014144,0.39803,3766.28,1,0.312457,2542.32
cuda_optimized,instance_small,1024,100,47,256,94,69.0051,12.3233,2.4257,0.011712,0.398401,3668.92,1,0.301065,2445.25
cuda_optimized,instance_small,1024,100,48,256,89,72.4874,11.6702,2.29536,0.011904,0.398401,3668.92,1,0.309345,2515.51
cuda_optimized,instance_small,1024,100,49,256,97,73.9311,12.8076,2.53014,0.012128,0.398401,3668.92,1,0.302163,2457.37
cuda_optimized,instance_small,1024,100,50,256,83,69.4185,10.9258,2.14618,0.012448,0.398401,3668.92,1,0.288661,2346.45
cuda_optimized,instance_small,1024,100,51,256,87,71.4509,11.517,2.2511,0.012544,0.39803,3766.28,1,0.295544,2400.55
cuda_optimized,instance_small,4096,100,42,256,73,103.993,12.5447,1.90086,0.03392,0.398401,3668.92,1,0.294552,2394.14
cuda_optimized,instance_small,4096,100,43,256,74,111.24,12.7945,1.89405,0.035168,0.398401,3668.92,1,0.303776,2467.19
cuda_optimized,instance_small,4096,100,44,256,78,111.936,13.5632,2.05286,0.034272,0.39803,3766.28,1,0.28961,2352.52
cuda_optimized,instance_small,4096,100,45,256,72,110.552,12.3631,1.88211,0.034496,0.398401,3668.92,1,0.293072,2383.78
cuda_optimized,instance_small,4096,100,46,256,75,110.258,12.9123,1.93917,0.035488,0.39803,3766.28,1,0.301003,2446.36
cuda_optimized,instance_small,4096,100,47,256,74,110.867,12.7261,1.89021,0.03632,0.398401,3668.92,1,0.295811,2404.33
cuda_optimized,instance_small,4096,100,48,256,73,107.357,12.5762,1.9129,0.035904,0.39803,3766.28,1,0.284785,2316.7
cuda_optimized,instance_small,4096,100,49,256,74,111.51,12.8682,1.9096,0.03584,0.398401,3668.92,1,0.302163,2457.37
cuda_optimized,instance_small,4096,100,50,256,77,112.392,13.2597,1.98909,0.03552,0.39803,3766.28,1,0.308265,2505.15
cuda_optimized,instance_small,4096,100,51,256,74,111.769,12.7031,1.92848,0.034816,0.398401,3668.92,1,0.3049,2476.29
cuda_optimized,instance_small,16384,100,42,256,72,258.874,16.0366,1.85888,0.136032,0.398401,3668.92,1,0.299109,2429.41
cuda_optimized,instance_small,16384,100,43,256,70,255.593,15.6961,1.82605,0.152352,0.39803,3766.28,1,0.299244,2428.89
cuda_optimized,instance_small,16384,100,44,256,69,259.305,15.5087,1.79619,0.168736,0.398401,3668.92,1,0.300813,2443.21
cuda_optimized,instance_small,16384,100,45,256,71,249.394,16.0358,1.86915,0.146784,0.398401,3668.92,1,0.298438,2425.6
cuda_optimized,instance_small,16384,100,46,256,73,250.986,16.397,1.88346,0.1456,0.39803,3766.28,1,0.29753,2423.11
cuda_optimized,instance_small,16384,100,47,256,71,250.604,15.8113,1.87043,0.127104,0.398401,3668.92,1,0.302686,2458.37
cuda_optimized,instance_small,16384,100,48,256,73,266.058,16.4109,1.87379,0.1304,0.398401,3668.92,1,0.300165,2441.2
cuda_optimized,instance_small,16384,100,49,256,72,254.965,16.0302,1.86205,0.132352,0.398401,3668.92,1,0.305792,2485.13
cuda_optimized,instance_small,16384,100,50,256,77,252.42,17.1683,2.05891,0.13568,0.39803,3766.28,1,0.301596,2452.78
cuda_optimized,instance_small,16384,100,51,256,67,264.277,14.9466,1.73005,0.12224,0.398401,3668.92,1,0.321921,2627.03
cuda_optimized,instance_medium,1024,1000,42,256,200,347.518,136.731,5.7969,0.083264,0.366274,35819.1,1,0.25711,22147.4
cuda_optimized,instance_medium,1024,1000,43,256,200,341.462,126.058,5.78944,0.105376,0.363109,35918,1,0.25613,22054.5
cuda_optimized,instance_medium,1024,1000,44,256,200,344.722,126.955,5.76973,0.089024,0.366781,37091.3,1,0.255081,21957.5
cuda_optimized,instance_medium,1024,1000,45,256,200,346.699,125.765,5.85853,0.08384,0.362785,34726.7,1,0.257753,22194.1
cuda_optimized,instance_medium,1024,1000,46,256,200,333.919,126.48,5.74966,0.088736,0.368051,36219.1,1,0.255194,21962.1
cuda_optimized,instance_medium,1024,1000,47,256,200,346.339,126.681,5.73232,0.086272,0.367217,35766.2,1,0.256832,22109.8
cuda_optimized,instance_medium,1024,1000,48,256,200,334.856,126.541,5.60966,0.114048,0.361362,35084,1,0.258072,22223.3
cuda_optimized,instance_medium,1024,1000,49,256,200,342.854,126.14,5.72544,0.10384,0.365651,35316,1,0.25485,21944.5
cuda_optimized,instance_medium,1024,1000,50,256,200,334.848,126.551,5.68358,0.09344,0.364946,35538.4,1,0.25701,22114.8
cuda_optimized,instance_medium,1024,1000,51,256,200,342.739,126.195,5.67776,0.090592,0.367801,35397.6,1,0.263444,22700.7
cuda_optimized,instance_medium,4096,1000,42,256,200,804.522,135.287,5.76227,0.290048,0.386775,38221.6,1,0.258238,22249.6
cuda_optimized,instance_medium,4096,1000,43,256,200,811.359,135.126,5.75792,0.333184,0.386123,38691.5,1,0.260814,22452.2
cuda_optimized,instance_medium,4096,1000,44,256,200,804.37,135.211,5.74563,0.328576,0.387361,38800.7,1,0.257152,22140.7
cuda_optimized,instance_medium,4096,1000,45,256,200,812.367,134.613,5.73494,0.30464,0.381667,37721.2,1,0.258751,22298.9
cuda_optimized,instance_medium,4096,1000,46,256,200,803.952,135.091,5.46198,0.29872,0.38365,37924.2,1,0.258958,22294.4
cuda_optimized,instance_medium,4096,1000,47,256,200,813.801,135.025,5.79594,0.280544,0.384976,38081,1,0.259324,22327.5
cuda_optimized,instance_medium,4096,1000,48,256,200,806.186,134.888,5.72883,0.301792,0.382472,37539.3,1,0.25778,22198.2
cuda_optimized,instance_medium,4096,1000,49,256,200,804.284,135.321,5.79395,0.375232,0.387375,37898.2,1,0.258162,22219
cuda_optimized,instance_medium,4096,1000,50,256,200,810.778,134.932,5.70141,0.318944,0.385137,38322.9,1,0.259642,22373.8
cuda_optimized,instance_medium,4096,1000,51,256,200,802.826,134.357,5.72198,0.308384,0.385211,37589.6,1,0.263374,22694.7
cuda_optimized,instance_medium,16384,1000,42,256,200,2763.38,240.283,5.80269,1.21203,0.393925,39348.3,1,0.260662,22458
cuda_optimized,instance_medium,16384,1000,43,256,200,2763.47,241.53,5.81904,1.25597,0.39397,38925.9,1,0.259473,22357.5
cuda_optimized,instance_medium,16384,1000,44,256,200,2775.82,243.196,5.92064,1.21373,0.393622,39073.5,1,0.260899,22469.9
cuda_optimized,instance_medium,16384,1000,45,256,200,2771.85,243.527,5.89043,1.23075,0.394623,38787.2,1,0.260235,22395.6
cuda_optimized,instance_medium,16384,1000,46,256,200,2762.16,245.844,5.9351,1.18845,0.394832,39747.9,1,0.259935,22381.8
cuda_optimized,instance_medium,16384,1000,47,256,200,2774.58,246.847,5.78976,1.21171,0.395766,39118.5,1,0.263955,22732.7
cuda_optimized,instance_medium,16384,1000,48,256,200,2763.96,248.762,5.86646,1.21226,0.393978,39519.4,1,0.264824,22798.8
cuda_optimized,instance_medium,16384,1000,49,256,200,2762.71,249.776,5.87315,1.21302,0.393917,39109.2,1,0.260518,22430.2
cuda_optimized,instance_medium,16384,1000,50,256,200,2772.08,249.23,5.87459,1.19088,0.39269,38620.4,1,0.261033,22471
cuda_optimized,instance_medium,16384,1000,51,256,200,2750.97,238.888,5.80272,1.20288,0.394003,38968.9,1,0.263374,22694.7
cuda_optimized,instance_large,1024,10000,42,256,200,4167.43,1114.91,5.89904,0.818592,0.262503,233885,1,0.245242,213585
cuda_optimized,instance_large,1024,10000,43,256,200,4174.26,1115.56,5.94531,0.76656,0.263245,235983,1,0.24472,213087
cuda_optimized,instance_large,1024,10000,44,256,200,4173.7,1114.24,5.83142,0.781216,0.262295,234727,1,0.245718,213969
cuda_optimized,instance_large,1024,10000,45,256,200,4146.46,1118.25,5.82701,0.778016,0.262558,234879,1,0.245646,213981
cuda_optimized,instance_large,1024,10000,46,256,200,4170.42,1120.33,5.86758,0.786336,0.262048,234041,1,0.245272,213562
cuda_optimized,instance_large,1024,10000,47,256,200,4187.27,1116.23,5.99562,0.813152,0.262823,234909,1,0.245997,214221
cuda_optimized,instance_large,1024,10000,48,256,200,4174.77,1118.19,5.81024,0.834144,0.26334,235472,1,0.245977,214240
cuda_optimized,instance_large,1024,10000,49,256,200,4170.09,1117.05,5.96282,0.7904,0.263266,235038,1,0.246041,214266
cuda_optimized,instance_large,1024,10000,50,256,200,4172.74,1119.62,6.07613,0.7856,0.262398,235026,1,0.246012,214306
cuda_optimized,instance_large,1024,10000,51,256,200,4186.03,1118.33,5.78314,0.793216,0.261486,233185,1,0.245457,213763
cuda_optimized,instance_large,4096,10000,42,256,200,13128.8,1203.1,4.56736,2.81645,0.270572,243883,1,0.247718,215743
cuda_optimized,instance_large,4096,10000,43,256,200,12868.7,1195.92,4.61219,2.8137,0.270345,242908,1,0.246948,215064
cuda_optimized,instance_large,4096,10000,44,256,200,13120.9,1199.49,4.53245,2.88176,0.26893,242818,1,0.24608,214354
cuda_optimized,instance_large,4096,10000,45,256,200,13111.4,1204.05,4.52058,2.8607,0.269741,243233,1,0.245734,214058
cuda_optimized,instance_large,4096,10000,46,256,200,13103.6,1198.53,4.51738,2.8281,0.269912,242927,1,0.245671,213959
cuda_optimized,instance_large,4096,10000,47,256,200,13083.6,1200.77,4.55555,2.81514,0.269346,242014,1,0.246072,214329
cuda_optimized,instance_large,4096,10000,48,256,200,13083.1,1207.03,4.55539,2.83171,0.270905,243586,1,0.247136,215301
cuda_optimized,instance_large,4096,10000,49,256,200,13101.1,1199.33,4.57043,2.844,0.270055,243423,1,0.246299,214485
cuda_optimized,instance_large,4096,10000,50,256,200,13117.3,1202.89,4.6849,2.86746,0.269874,242866,1,0.247706,215705
cuda_optimized,instance_large,4096,10000,51,256,200,13123,1208.84,4.55792,2.85469,0.270787,242443,1,0.246319,214504
cuda_optimized,instance_large,16384,10000,42,256,200,49578.9,2307.9,4.57094,11.0207,0.276177,249099,1,0.247752,215775
cuda_optimized,instance_large,16384,10000,43,256,200,49629,2319.03,4.70707,10.9354,0.276565,249910,1,0.247219,215304
cuda_optimized,instance_large,16384,10000,44,256,200,49681,2311.1,4.67443,10.8374,0.27642,250658,1,0.246538,214728
cuda_optimized,instance_large,16384,10000,45,256,200,49585,2309.15,4.63475,10.8665,0.277169,250330,1,0.248205,216164
cuda_optimized,instance_large,16384,10000,46,256,200,49611,2311.5,4.64726,10.9798,0.27702,250243,1,0.247032,215184
cuda_optimized,instance_large,16384,10000,47,256,200,49637.4,2319.86,4.56896,10.882,0.276845,250973,1,0.246435,214654
cuda_optimized,instance_large,16384,10000,48,256,200,49620.7,2305.95,4.59462,10.9446,0.277058,250344,1,0.247422,215474
cuda_optimized,instance_large,16384,10000,49,256,200,49665.5,2314.21,4.59178,10.8509,0.276529,251150,1,0.247301,215389
cuda_optimized,instance_large,16384,10000,50,256,200,49556.3,2311.82,4.59894,10.9133,0.276692,250858,1,0.247457,215499
cuda_optimized,instance_large,16384,10000,51,256,200,49572.5,2305.38,4.58842,10.9343,0.276901,250306,1,0.246565,214787
