variant,instance,pop_size,n_items,seed,block_size,gen_exec,time_ms,best_fitness,best_value,has_feasible,best_feasible_fitness,best_feasible_value
cuda_optimized,instance_small,1024,100,42,256,87,89.7494,0.398401,3668.92,1,0.296964,2412.05
cuda_optimized,instance_small,1024,100,43,256,86,68.703,0.398401,3668.92,1,0.291563,2366.71
cuda_optimized,instance_small,1024,100,44,256,87,71.1923,0.39803,3766.28,1,0.293313,2384.11
cuda_optimized,instance_small,1024,100,45,256,87,76.3699,0.398401,3668.92,1,0.284774,2314.99
cuda_optimized,instance_small,1024,100,46,256,89,68.1409,0.39803,3766.28,1,0.312457,2542.32
cuda_optimized,instance_small,1024,100,47,256,94,77.919,0.398401,3668.92,1,0.301065,2445.25
cuda_optimized,instance_small,1024,100,48,256,89,64.2734,0.398401,3668.92,1,0.309345,2515.51
cuda_optimized,instance_small,1024,100,49,256,97,70.5827,0.398401,3668.92,1,0.302163,2457.37
cuda_optimized,instance_small,1024,100,50,256,83,76.2143,0.398401,3668.92,1,0.288661,2346.45
cuda_optimized,instance_small,1024,100,51,256,87,67.2168,0.39803,3766.28,1,0.295544,2400.55
cuda_optimized,instance_small,4096,100,42,256,73,112.99,0.398401,3668.92,1,0.294552,2394.14
cuda_optimized,instance_small,4096,100,43,256,74,107.68,0.398401,3668.92,1,0.303776,2467.19
cuda_optimized,instance_small,4096,100,44,256,78,115.577,0.39803,3766.28,1,0.28961,2352.52
cuda_optimized,instance_small,4096,100,45,256,72,105.459,0.398401,3668.92,1,0.293072,2383.78
cuda_optimized,instance_small,4096,100,46,256,75,103.014,0.39803,3766.28,1,0.301003,2446.36
cuda_optimized,instance_small,4096,100,47,256,74,104.471,0.398401,3668.92,1,0.295811,2404.33
cuda_optimized,instance_small,4096,100,48,256,73,106.143,0.39803,3766.28,1,0.284785,2316.7
cuda_optimized,instance_small,4096,100,49,256,74,115.339,0.398401,3668.92,1,0.302163,2457.37
cuda_optimized,instance_small,4096,100,50,256,77,107.3,0.39803,3766.28,1,0.308265,2505.15
cuda_optimized,instance_small,4096,100,51,256,74,110.391,0.398401,3668.92,1,0.3049,2476.29
cuda_optimized,instance_small,16384,100,42,256,72,261.933,0.398401,3668.92,1,0.299109,2429.41
cuda_optimized,instance_small,16384,100,43,256,70,256.942,0.39803,3766.28,1,0.299244,2428.89
cuda_optimized,instance_small,16384,100,44,256,69,247.118,0.398401,3668.92,1,0.300813,2443.21
cuda_optimized,instance_small,16384,100,45,256,71,252.679,0.398401,3668.92,1,0.298438,2425.6
cuda_optimized,instance_small,16384,100,46,256,73,248.04,0.39803,3766.28,1,0.29753,2423.11
cuda_optimized,instance_small,16384,100,47,256,71,249.799,0.398401,3668.92,1,0.302686,2458.37
cuda_optimized,instance_small,16384,100,48,256,73,254.379,0.398401,3668.92,1,0.300165,2441.2
cuda_optimized,instance_small,16384,100,49,256,72,263.53,0.398401,3668.92,1,0.305792,2485.13
cuda_optimized,instance_small,16384,100,50,256,77,255.567,0.39803,3766.28,1,0.301596,2452.78
cuda_optimized,instance_small,16384,100,51,256,67,247.947,0.398401,3668.92,1,0.321921,2627.03
cuda_optimized,instance_medium,1024,1000,42,256,200,341.016,0.366274,35819.1,1,0.25711,22147.4
cuda_optimized,instance_medium,1024,1000,43,256,200,333.011,0.363109,35918,1,0.25613,22054.5
cuda_optimized,instance_medium,1024,1000,44,256,200,328.751,0.366781,37091.3,1,0.255081,21957.5
cuda_optimized,instance_medium,1024,1000,45,256,200,328.016,0.362785,34726.7,1,0.257753,22194.1
cuda_optimized,instance_medium,1024,1000,46,256,200,332.526,0.368051,36219.1,1,0.255194,21962.1
cuda_optimized,instance_medium,1024,1000,47,256,200,329.214,0.367217,35766.2,1,0.256832,22109.8
cuda_optimized,instance_medium,1024,1000,48,256,200,328.707,0.361362,35084,1,0.258072,22223.3
cuda_optimized,instance_medium,1024,1000,49,256,200,329.46,0.365651,35316,1,0.25485,21944.5
cuda_optimized,instance_medium,1024,1000,50,256,200,328.441,0.364946,35538.4,1,0.25701,22114.8
cuda_optimized,instance_medium,1024,1000,51,256,200,327.962,0.367801,35397.6,1,0.263444,22700.7
cuda_optimized,instance_medium,4096,1000,42,256,200,812.664,0.386775,38221.6,1,0.258238,22249.6
cuda_optimized,instance_medium,4096,1000,43,256,200,804.053,0.386123,38691.5,1,0.260814,22452.2
cuda_optimized,instance_medium,4096,1000,44,256,200,811.351,0.387361,38800.7,1,0.257152,22140.7
cuda_optimized,instance_medium,4096,1000,45,256,200,810.637,0.381667,37721.2,1,0.258751,22298.9
cuda_optimized,instance_medium,4096,1000,46,256,200,805.134,0.38365,37924.2,1,0.258958,22294.4
cuda_optimized,instance_medium,4096,1000,47,256,200,812.112,0.384976,38081,1,0.259324,22327.5
cuda_optimized,instance_medium,4096,1000,48,256,200,805.73,0.382472,37539.3,1,0.25778,22198.2
cuda_optimized,instance_medium,4096,1000,49,256,200,809.406,0.387375,37898.2,1,0.258162,22219
cuda_optimized,instance_medium,4096,1000,50,256,200,811.123,0.385137,38322.9,1,0.259642,22373.8
cuda_optimized,instance_medium,4096,1000,51,256,200,805.045,0.385211,37589.6,1,0.263374,22694.7
cuda_optimized,instance_medium,16384,1000,42,256,200,2809.44,0.393925,39348.3,1,0.260662,22458
cuda_optimized,instance_medium,16384,1000,43,256,200,2813.33,0.39397,38925.9,1,0.259473,22357.5
cuda_optimized,instance_medium,16384,1000,44,256,200,2815.6,0.393622,39073.5,1,0.260899,22469.9
cuda_optimized,instance_medium,16384,1000,45,256,200,2799.67,0.394623,38787.2,1,0.260235,22395.6
cuda_optimized,instance_medium,16384,1000,46,256,200,2813.94,0.394832,39747.9,1,0.259935,22381.8
cuda_optimized,instance_medium,16384,1000,47,256,200,2805.87,0.395766,39118.5,1,0.263955,22732.7
cuda_optimized,instance_medium,16384,1000,48,256,200,2802.61,0.393978,39519.4,1,0.264824,22798.8
cuda_optimized,instance_medium,16384,1000,49,256,200,2796.45,0.393917,39109.2,1,0.260518,22430.2
cuda_optimized,instance_medium,16384,1000,50,256,200,2793.97,0.39269,38620.4,1,0.261033,22471
cuda_optimized,instance_medium,16384,1000,51,256,200,2818.63,0.394003,38968.9,1,0.263374,22694.7
cuda_optimized,instance_large,1024,10000,42,256,200,4332.6,0.262503,233885,1,0.245242,213585
cuda_optimized,instance_large,1024,10000,43,256,200,4317.18,0.263245,235983,1,0.24472,213087
cuda_optimized,instance_large,1024,10000,44,256,200,4314.25,0.262295,234727,1,0.245718,213969
cuda_optimized,instance_large,1024,10000,45,256,200,4324.92,0.262558,234879,1,0.245646,213981
cuda_optimized,instance_large,1024,10000,46,256,200,4323.06,0.262048,234041,1,0.245272,213562
cuda_optimized,instance_large,1024,10000,47,256,200,4317.21,0.262823,234909,1,0.245997,214221
cuda_optimized,instance_large,1024,10000,48,256,200,4320.9,0.26334,235472,1,0.245977,214240
cuda_optimized,instance_large,1024,10000,49,256,200,4333.78,0.263266,235038,1,0.246041,214266
cuda_optimized,instance_large,1024,10000,50,256,200,4328.66,0.262398,235026,1,0.246012,214306
cuda_optimized,instance_large,1024,10000,51,256,200,4317.36,0.261486,233185,1,0.245457,213763
cuda_optimized,instance_large,4096,10000,42,256,200,13812.3,0.270572,243883,1,0.247718,215743
cuda_optimized,instance_large,4096,10000,43,256,200,13788.7,0.270345,242908,1,0.246948,215064
cuda_optimized,instance_large,4096,10000,44,256,200,13817.1,0.26893,242818,1,0.24608,214354
cuda_optimized,instance_large,4096,10000,45,256,200,13798.2,0.269741,243233,1,0.245734,214058
cuda_optimized,instance_large,4096,10000,46,256,200,13809.5,0.269912,242927,1,0.245671,213959
cuda_optimized,instance_large,4096,10000,47,256,200,13793.2,0.269346,242014,1,0.246072,214329
cuda_optimized,instance_large,4096,10000,48,256,200,13750.3,0.270905,243586,1,0.247136,215301
cuda_optimized,instance_large,4096,10000,49,256,200,13751.2,0.270055,243423,1,0.246299,214485
cuda_optimized,instance_large,4096,10000,50,256,200,13804,0.269874,242866,1,0.247706,215705
cuda_optimized,instance_large,4096,10000,51,256,200,13775.6,0.270787,242443,1,0.246319,214504
cuda_optimized,instance_large,16384,10000,42,256,200,52393.4,0.276177,249099,1,0.247752,215775
cuda_optimized,instance_large,16384,10000,43,256,200,52338.7,0.276565,249910,1,0.247219,215304
cuda_optimized,instance_large,16384,10000,44,256,200,52413.6,0.27642,250658,1,0.246538,214728
cuda_optimized,instance_large,16384,10000,45,256,200,52481.5,0.277169,250330,1,0.248205,216164
cuda_optimized,instance_large,16384,10000,46,256,200,52349.4,0.27702,250243,1,0.247032,215184
cuda_optimized,instance_large,16384,10000,47,256,200,52372.6,0.276845,250973,1,0.246435,214654
cuda_optimized,instance_large,16384,10000,48,256,200,52395.8,0.277058,250344,1,0.247422,215474
cuda_optimized,instance_large,16384,10000,49,256,200,52397,0.276529,251150,1,0.247301,215389
cuda_optimized,instance_large,16384,10000,50,256,200,52323.5,0.276692,250858,1,0.247457,215499
cuda_optimized,instance_large,16384,10000,51,256,200,52340.9,0.276901,250306,1,0.246565,214787
